channel_id,duration_bucket,n,median_views,median_vpd,channel_median,index_vs_channel
UC-08FfiuOa8Swp8NQX_lrRw,30m+,299,3077.0,14.959296994652531,2837.0,1.08
UC-08FfiuOa8Swp8NQX_lrRw,12-20m,73,2636.0,13.518255913717399,2837.0,0.93
UC-08FfiuOa8Swp8NQX_lrRw,8-12m,125,2557.0,13.352921991006555,2837.0,0.9
UC-08FfiuOa8Swp8NQX_lrRw,3-8m,25,2031.0,15.55581089456017,2837.0,0.72
UC-luaBAGSqZ---25Wifnnhg,3-8m,95,32739.0,133.2735073662999,22891.0,1.43
UC-luaBAGSqZ---25Wifnnhg,8-12m,10,29548.0,160.44486129865487,22891.0,1.29
UC-luaBAGSqZ---25Wifnnhg,30m+,51,6105.0,20.335876042726134,22891.0,0.27
UC0ep2A36j7gTFdqW2Yvngbg,3-8m,7,170465.0,448.28135218065904,134455.5,1.27
UC0ep2A36j7gTFdqW2Yvngbg,30m+,9,171043.0,600.8469376763547,134455.5,1.27
UC0ep2A36j7gTFdqW2Yvngbg,12-20m,13,163303.0,819.5502430662862,134455.5,1.21
UC0ep2A36j7gTFdqW2Yvngbg,20-30m,6,132182.0,576.4638582085047,134455.5,0.98
UC0ep2A36j7gTFdqW2Yvngbg,8-12m,13,96332.0,463.3034438720537,134455.5,0.72
UC14Fb2zWTEZklONPXFbLrTQ,3-8m,4,912515.5,1882.5662350483153,846685.0,1.08
UC14Fb2zWTEZklONPXFbLrTQ,8-12m,7,438052.0,2824.2403514825955,846685.0,0.52
UC2y5U9wW2-Ny1nWS2jFPlzA,8-12m,8,123786.5,97.7708945140995,64025.0,1.93
UC2y5U9wW2-Ny1nWS2jFPlzA,12-20m,22,95620.5,76.52251627940079,64025.0,1.49
UC2y5U9wW2-Ny1nWS2jFPlzA,30m+,11,58865.0,80.74970190357014,64025.0,0.92
UC2y5U9wW2-Ny1nWS2jFPlzA,20-30m,16,54007.5,65.32506247253733,64025.0,0.84
UC72h7j1uru3iopWJkaR958g,30m+,256,1633.5,25.19691955469107,1626.5,1.0
UC7AoMESkPXV_Bqr0I8dbzrw,20-30m,12,23459.0,101.5463011512682,14059.0,1.67
UC7AoMESkPXV_Bqr0I8dbzrw,12-20m,37,19091.0,83.19352789296333,14059.0,1.36
UC7AoMESkPXV_Bqr0I8dbzrw,30m+,4,14292.0,66.74215447989846,14059.0,1.02
UC7AoMESkPXV_Bqr0I8dbzrw,8-12m,49,13525.0,41.19361677424832,14059.0,0.96
UC7AoMESkPXV_Bqr0I8dbzrw,3-8m,37,9848.0,18.51692535847171,14059.0,0.7
UCASM0cgfkJxQ1ICmRilfHLw,30m+,35,1108425.0,5596.677589851692,693096.0,1.6
UCASM0cgfkJxQ1ICmRilfHLw,20-30m,60,611796.0,1289.3724915665543,693096.0,0.88
UCASM0cgfkJxQ1ICmRilfHLw,12-20m,5,354230.0,970.6080944746342,693096.0,0.51
UCAsdYT8gu1MS2pPr48ZLcvA,20-30m,16,4000.0,14.054431585039653,2252.0,1.78
UCAsdYT8gu1MS2pPr48ZLcvA,8-12m,27,2985.0,9.504330024389516,2252.0,1.33
UCAsdYT8gu1MS2pPr48ZLcvA,3-8m,37,2145.0,4.66806939306345,2252.0,0.95
UCAsdYT8gu1MS2pPr48ZLcvA,12-20m,53,2074.0,10.906043595828566,2252.0,0.92
UCBxm9WodPjj70GaiKTIRPGg,30m+,12,7285.5,16.471702425212797,5793.5,1.26
UCBxm9WodPjj70GaiKTIRPGg,20-30m,123,5997.0,19.896486394812513,5793.5,1.04
UCBxm9WodPjj70GaiKTIRPGg,12-20m,294,5849.0,17.225282652292506,5793.5,1.01
UCBxm9WodPjj70GaiKTIRPGg,8-12m,107,5324.0,14.295162784847008,5793.5,0.92
UCBxm9WodPjj70GaiKTIRPGg,3-8m,28,3278.0,12.184939051126822,5793.5,0.57
UCCbv0qixG-cyokxEY3kELtg,3-8m,6,125944.5,520.5219356166185,122116.0,1.03
UCCbv0qixG-cyokxEY3kELtg,8-12m,20,117030.0,530.9276861805156,122116.0,0.96
UCD_hOUSXUXViTvIkbLasfdQ,12-20m,90,12993.5,43.03089330971509,10187.0,1.28
UCD_hOUSXUXViTvIkbLasfdQ,30m+,301,10342.0,48.10128069984176,10187.0,1.02
UCD_hOUSXUXViTvIkbLasfdQ,20-30m,145,9168.0,27.373340426550854,10187.0,0.9
UCD_hOUSXUXViTvIkbLasfdQ,8-12m,12,8402.0,30.35938035473486,10187.0,0.82
UCDmJ0q0ggEZcOh5-3XUVYqQ,20-30m,91,1611.0,24.19943316590904,1583.0,1.02
UCDmJ0q0ggEZcOh5-3XUVYqQ,30m+,14,1400.0,29.308392400349597,1583.0,0.88
UCEAAzv2OBqxsSczKJ2QZyGQ,30m+,12,169952.5,3169.858150114083,139995.0,1.21
UCEAAzv2OBqxsSczKJ2QZyGQ,20-30m,42,156077.0,1123.8742903224288,139995.0,1.11
UCEAAzv2OBqxsSczKJ2QZyGQ,12-20m,125,136094.0,1045.1560025332055,139995.0,0.97
UCEAAzv2OBqxsSczKJ2QZyGQ,8-12m,37,133346.0,887.2073984140319,139995.0,0.95
UCEAAzv2OBqxsSczKJ2QZyGQ,3-8m,5,104197.0,1255.610119644107,139995.0,0.74
UCEIWHQnlNkt5oa1AOTdr8eA,30m+,358,2169.5,18.797064407507563,2075.0,1.05
UCEIWHQnlNkt5oa1AOTdr8eA,3-8m,7,262.0,1.5077776952769721,2075.0,0.13
UCFOry4O_FlI2HU5epQnDWPQ,12-20m,22,43860.0,162.76632773639358,38947.5,1.13
UCFOry4O_FlI2HU5epQnDWPQ,30m+,24,40765.0,99.21715516318882,38947.5,1.05
UCFOry4O_FlI2HU5epQnDWPQ,8-12m,7,26430.0,181.4756128179143,38947.5,0.68
UCFOry4O_FlI2HU5epQnDWPQ,20-30m,11,22574.0,74.5094421692013,38947.5,0.58
UCFaJ8JgHaiXBmSzZEGvW5XA,30m+,27,11639.0,27.548642900115485,10960.5,1.06
UCFaJ8JgHaiXBmSzZEGvW5XA,12-20m,14,10933.5,15.868709331991205,10960.5,1.0
UCFaJ8JgHaiXBmSzZEGvW5XA,20-30m,16,8899.0,15.465491717543163,10960.5,0.81
UCIP3QFzSshFMYBSLtHAZvQA,20-30m,40,12009.5,34.34991666094964,10882.0,1.1
UCIP3QFzSshFMYBSLtHAZvQA,12-20m,80,11271.0,30.248424580632356,10882.0,1.04
UCIP3QFzSshFMYBSLtHAZvQA,8-12m,15,9949.0,18.5731698057402,10882.0,0.91
UCIP3QFzSshFMYBSLtHAZvQA,30m+,7,6169.0,9.224320980155763,10882.0,0.57
UCL_v4tC26PvOFytV1_eEVSg,20-30m,12,33797.5,216.37067200331262,24322.0,1.39
UCL_v4tC26PvOFytV1_eEVSg,12-20m,48,25109.5,77.22406775742868,24322.0,1.03
UCL_v4tC26PvOFytV1_eEVSg,8-12m,29,23790.0,51.63567846967259,24322.0,0.98
UCLe_q9axMaeTbjN0hy1Z9xA,30m+,56,1427716.0,14623.547769191884,1427716.0,1.0
UCNj1mz_ZzBs-8x28Jd_bCEA,12-20m,52,5100.0,26.26383456614623,3678.0,1.39
UCNj1mz_ZzBs-8x28Jd_bCEA,20-30m,9,3760.0,43.18509147331838,3678.0,1.02
UCNj1mz_ZzBs-8x28Jd_bCEA,8-12m,15,832.0,1.7710908374235481,3678.0,0.23
UCO3qWot3L3egKYit9x9uWGw,12-20m,68,3379.5,20.305625072823318,2852.0,1.18
UCO3qWot3L3egKYit9x9uWGw,8-12m,236,2878.5,7.691777614656995,2852.0,1.01
UCO3qWot3L3egKYit9x9uWGw,3-8m,85,2470.0,4.78158363874553,2852.0,0.87
UCO3qWot3L3egKYit9x9uWGw,30m+,27,1421.0,4.994752538209246,2852.0,0.5
UCOHxDwCcOzBaLkeTazanwcw,8-12m,60,169943.5,625.8255374152936,150511.0,1.13
UCOHxDwCcOzBaLkeTazanwcw,3-8m,101,133995.0,324.8152102558025,150511.0,0.89
UCP9RPj_BG0vit2TNM7LuRxA,20-30m,4,726476.0,3021.2420439168377,261306.0,2.78
UCP9RPj_BG0vit2TNM7LuRxA,12-20m,19,281751.0,1747.986676789066,261306.0,1.08
UCP9RPj_BG0vit2TNM7LuRxA,8-12m,4,160221.5,347.33105239705276,261306.0,0.61
UCRK5xmIi8kuLUduTE3Ti7lw,3-8m,336,5669.5,118.78723959038476,5671.0,1.0
UCZ4AMrDcNrfy3X6nsU8-rPg,20-30m,11,474739.0,4012.611939842989,447264.0,1.06
UCZ4AMrDcNrfy3X6nsU8-rPg,12-20m,61,423986.0,1219.95385748869,447264.0,0.95
UCZmKFfiLAag4Cw612favrSg,30m+,28,3659.5,18.25664657453679,2317.0,1.58
UCZmKFfiLAag4Cw612favrSg,20-30m,11,3087.0,8.037425907651748,2317.0,1.33
UCZmKFfiLAag4Cw612favrSg,8-12m,51,2273.0,9.763283427323632,2317.0,0.98
UCZmKFfiLAag4Cw612favrSg,12-20m,11,1617.0,5.082809182903574,2317.0,0.7
UCZmKFfiLAag4Cw612favrSg,3-8m,8,1335.0,4.900634431115446,2317.0,0.58
UC_4JcFVfzl5f5runRldZgtw,30m+,23,78219.0,463.1109399831293,56189.0,1.39
UC_4JcFVfzl5f5runRldZgtw,3-8m,30,65048.0,181.71492848635245,56189.0,1.16
UC_4JcFVfzl5f5runRldZgtw,20-30m,12,62543.5,239.84167691064323,56189.0,1.11
UC_4JcFVfzl5f5runRldZgtw,12-20m,31,55991.0,123.9069906392512,56189.0,1.0
UC_4JcFVfzl5f5runRldZgtw,8-12m,26,43867.5,96.66362907120121,56189.0,0.78
UCcsVDxIsL0pd6YOksxhEoHA,8-12m,5,35175.0,33.28363824039917,26418.5,1.33
UCcsVDxIsL0pd6YOksxhEoHA,3-8m,27,23787.0,20.53838134640596,26418.5,0.9
UCdhl39fG5MNa9NhHE6LDeKA,12-20m,8,4961.5,17.100607711650095,1738.5,2.85
UCdhl39fG5MNa9NhHE6LDeKA,30m+,19,1889.0,5.725721576092473,1738.5,1.09
UCdhl39fG5MNa9NhHE6LDeKA,20-30m,15,1726.0,4.795918894177312,1738.5,0.99
UCdhl39fG5MNa9NhHE6LDeKA,8-12m,12,1077.0,3.4336977592009728,1738.5,0.62
UCgOHoUCzElFju7HgkuHLzfw,20-30m,17,302.0,0.5464268215561459,102.0,2.96
UCgOHoUCzElFju7HgkuHLzfw,3-8m,66,156.0,0.3870845288596393,102.0,1.53
UCgOHoUCzElFju7HgkuHLzfw,8-12m,84,93.5,0.29833793337201236,102.0,0.92
UCgOHoUCzElFju7HgkuHLzfw,12-20m,57,83.0,0.24879029188636398,102.0,0.81
UCgPEfLdSfqeteBIQjMgJFtA,30m+,110,4822.5,17.115141897823783,4155.0,1.16
UCgPEfLdSfqeteBIQjMgJFtA,20-30m,19,4341.0,24.210227219914316,4155.0,1.04
UCgPEfLdSfqeteBIQjMgJFtA,8-12m,5,2605.0,12.663931122530126,4155.0,0.63
UCgPEfLdSfqeteBIQjMgJFtA,12-20m,8,2328.5,9.325665405579812,4155.0,0.56
UCgPEfLdSfqeteBIQjMgJFtA,3-8m,17,1228.0,18.08172643446192,4155.0,0.3
UCiQpvtOQk1Iz95h9xbIgHsw,12-20m,21,7657.0,25.256914401002774,5125.0,1.49
UCiQpvtOQk1Iz95h9xbIgHsw,8-12m,102,5664.0,16.510328751136946,5125.0,1.11
UCiQpvtOQk1Iz95h9xbIgHsw,3-8m,63,4265.0,10.96615842693544,5125.0,0.83
UCjxK94XQv29_nNirjMoR7bg,12-20m,94,7069.0,52.00465819562099,5122.0,1.38
UCjxK94XQv29_nNirjMoR7bg,20-30m,7,6898.0,136.31148263523949,5122.0,1.35
UCjxK94XQv29_nNirjMoR7bg,8-12m,435,4535.0,21.1649326725033,5122.0,0.89
UCkCGANrihzExmu9QiqZpPlQ,8-12m,13,931972.0,1965.7849167892382,930716.0,1.0
UCkCGANrihzExmu9QiqZpPlQ,12-20m,76,923789.5,3217.1494295590837,930716.0,0.99
UCkCGANrihzExmu9QiqZpPlQ,20-30m,9,884735.0,13083.839903265538,930716.0,0.95
UCpH_qlKdyyjBk4mLAZTEKAA,12-20m,21,21573.0,90.4181130000429,16299.0,1.32
UCpH_qlKdyyjBk4mLAZTEKAA,8-12m,138,18751.5,82.29841399071817,16299.0,1.15
UCpH_qlKdyyjBk4mLAZTEKAA,30m+,59,16211.0,181.50382956508452,16299.0,0.99
UCpH_qlKdyyjBk4mLAZTEKAA,3-8m,105,12482.0,84.78858564165512,16299.0,0.77
UCpH_qlKdyyjBk4mLAZTEKAA,20-30m,12,12112.5,81.44178556705454,16299.0,0.74
UCqiW-g-FwZ6HJ0fsNHC-Iew,12-20m,9,7457.0,36.963332048596385,3700.0,2.02
UCqiW-g-FwZ6HJ0fsNHC-Iew,8-12m,532,3658.0,24.77400223898489,3700.0,0.99
UCqvaXJ1K3HheTPNjH-KpwXQ,3-8m,32,28900.0,134.19588714154423,32021.0,0.9
UCrNfRFWnLC3tCy1TnyhVQ7g,12-20m,9,509287.0,8217.32173284721,339676.5,1.5
UCrNfRFWnLC3tCy1TnyhVQ7g,8-12m,14,308716.0,1710.2706566498641,339676.5,0.91
UCrTFPf6rq5OUSWb7ILW9trg,20-30m,26,96878.0,243.83024452489101,72089.0,1.34
UCrTFPf6rq5OUSWb7ILW9trg,12-20m,168,78207.0,153.93989372394458,72089.0,1.08
UCrTFPf6rq5OUSWb7ILW9trg,8-12m,207,68773.0,180.01143691659516,72089.0,0.95
UCrTFPf6rq5OUSWb7ILW9trg,3-8m,16,49998.5,101.06097218091834,72089.0,0.69
UCsR-oBB7cabU76oTguE17Qw,12-20m,47,14066.0,50.79925515800756,12047.0,1.17
UCsR-oBB7cabU76oTguE17Qw,3-8m,11,11928.0,44.66348377279032,12047.0,0.99
UCsR-oBB7cabU76oTguE17Qw,8-12m,72,11310.0,47.67729338485157,12047.0,0.94
UCsYYksPHiGqXHPoHI-fm5sg,12-20m,19,122815.0,80.62364648348004,87593.5,1.4
UCsYYksPHiGqXHPoHI-fm5sg,8-12m,32,63861.5,53.537262190036245,87593.5,0.73
UCsYYksPHiGqXHPoHI-fm5sg,3-8m,6,44192.0,34.90362177797682,87593.5,0.5
UCtnJmiK9f4pLWhh61ySbdvQ,30m+,98,11621.5,32.23490090333999,9146.0,1.27
UCtnJmiK9f4pLWhh61ySbdvQ,12-20m,61,9135.0,17.624806437400213,9146.0,1.0
UCtnJmiK9f4pLWhh61ySbdvQ,20-30m,30,7747.5,25.553586137709082,9146.0,0.85
UCtnJmiK9f4pLWhh61ySbdvQ,8-12m,31,4355.0,10.885472815910491,9146.0,0.48
UCvWpf6aN45jIFIifAvBF_aA,20-30m,7,11103.0,67.57146170089833,9777.0,1.14
UCvWpf6aN45jIFIifAvBF_aA,12-20m,508,9895.5,61.15197592978668,9777.0,1.01
UCvWpf6aN45jIFIifAvBF_aA,8-12m,8,9316.5,47.52590824988734,9777.0,0.95
UCvWpf6aN45jIFIifAvBF_aA,30m+,12,5680.5,70.43740634503737,9777.0,0.58
UCw5TLrz3qADabwezTEcOmgQ,12-20m,94,27238.5,115.00187547713396,22542.0,1.21
UCw5TLrz3qADabwezTEcOmgQ,8-12m,25,20280.0,74.008626401647,22542.0,0.9
UCw5TLrz3qADabwezTEcOmgQ,30m+,7,17282.0,143.4522176979202,22542.0,0.77
UCw5TLrz3qADabwezTEcOmgQ,20-30m,7,14652.0,128.50464048689742,22542.0,0.65
UCw5TLrz3qADabwezTEcOmgQ,3-8m,18,8317.0,34.95767623134887,22542.0,0.37
UCwTu6kD2igaLMpxswtcdxlg,8-12m,199,49467.0,225.504252775763,28107.0,1.76
UCwTu6kD2igaLMpxswtcdxlg,12-20m,233,32275.0,84.24336912924045,28107.0,1.15
UCwTu6kD2igaLMpxswtcdxlg,20-30m,77,23507.0,54.125391356264075,28107.0,0.84
UCwTu6kD2igaLMpxswtcdxlg,3-8m,45,14345.0,39.31683850048112,28107.0,0.51
UCwTu6kD2igaLMpxswtcdxlg,30m+,23,3475.0,8.419109610460207,28107.0,0.12
UCxH2HgyINJnROn6TgrTzJkw,30m+,49,163494.0,555.8943922992955,163494.0,1.0
