channel_id,quarter,n,median_views,median_vpd,channel_median,index_vs_channel
UC-08FfiuOa8Swp8NQX_lrRw,2025Q3,9,3889.0,11.357059065381284,2837.0,1.37
UC-08FfiuOa8Swp8NQX_lrRw,2025Q4,181,3737.0,12.743962348760782,2837.0,1.32
UC-08FfiuOa8Swp8NQX_lrRw,2026Q1,151,2676.0,13.07021505698522,2837.0,0.94
UC-08FfiuOa8Swp8NQX_lrRw,2026Q2,134,2358.0,18.57029844993276,2837.0,0.83
UC-08FfiuOa8Swp8NQX_lrRw,2026Q3,48,1985.0,41.81299688617176,2837.0,0.7
UC-RKpEc4eE9PwJaupN91xYQ,2024Q4,4,68729.5,108.39296470920871,33778.5,2.03
UC-RKpEc4eE9PwJaupN91xYQ,2025Q2,4,37663.0,76.78078551874387,33778.5,1.11
UC-RKpEc4eE9PwJaupN91xYQ,2024Q3,6,27575.0,35.5072268440484,33778.5,0.82
UC-luaBAGSqZ---25Wifnnhg,2025Q2,19,57291.0,126.22538213757349,22891.0,2.5
UC-luaBAGSqZ---25Wifnnhg,2025Q4,11,42372.0,162.4603256400693,22891.0,1.85
UC-luaBAGSqZ---25Wifnnhg,2025Q1,11,39052.0,66.6627425829478,22891.0,1.71
UC-luaBAGSqZ---25Wifnnhg,2025Q3,22,35570.5,89.16276556364113,22891.0,1.55
UC-luaBAGSqZ---25Wifnnhg,2026Q2,23,20103.0,184.62440744987347,22891.0,0.88
UC-luaBAGSqZ---25Wifnnhg,2026Q3,9,16337.0,370.79763896649666,22891.0,0.71
UC-luaBAGSqZ---25Wifnnhg,2026Q1,34,8794.5,49.043999564997314,22891.0,0.38
UC-luaBAGSqZ---25Wifnnhg,2024Q3,19,5701.0,7.835268050676788,22891.0,0.25
UC-luaBAGSqZ---25Wifnnhg,2024Q4,9,3077.0,4.370424125175709,22891.0,0.13
UC0ep2A36j7gTFdqW2Yvngbg,2025Q4,7,323842.0,1022.8534156748908,134455.5,2.41
UC0ep2A36j7gTFdqW2Yvngbg,2025Q2,10,170754.0,331.8087717848616,134455.5,1.27
UC0ep2A36j7gTFdqW2Yvngbg,2026Q1,5,163745.0,816.9678433596276,134455.5,1.22
UC0ep2A36j7gTFdqW2Yvngbg,2025Q3,9,163303.0,423.2825887633616,134455.5,1.21
UC0ep2A36j7gTFdqW2Yvngbg,2025Q1,5,108183.0,200.10643403579243,134455.5,0.8
UC0ep2A36j7gTFdqW2Yvngbg,2026Q2,10,88898.5,754.7801389680299,134455.5,0.66
UC1KmNKYC1l0stjctkGswl6g,2024Q3,6,545476.5,750.8537235710412,288667.5,1.89
UC1KmNKYC1l0stjctkGswl6g,2024Q2,7,505416.0,568.7345525097585,288667.5,1.75
UC1KmNKYC1l0stjctkGswl6g,2025Q1,6,431522.0,724.2801472106298,288667.5,1.49
UC1KmNKYC1l0stjctkGswl6g,2025Q3,6,390059.5,1093.5768295632379,288667.5,1.35
UC1KmNKYC1l0stjctkGswl6g,2025Q2,6,360277.0,711.8486200556079,288667.5,1.25
UC1KmNKYC1l0stjctkGswl6g,2026Q1,6,239035.0,1289.4694169337715,288667.5,0.83
UC1KmNKYC1l0stjctkGswl6g,2024Q4,7,230962.0,333.4378292608474,288667.5,0.8
UC1KmNKYC1l0stjctkGswl6g,2026Q2,4,163080.5,1718.9668847571374,288667.5,0.56
UC1KmNKYC1l0stjctkGswl6g,2025Q4,5,110522.0,395.24799743089204,288667.5,0.38
UC2y5U9wW2-Ny1nWS2jFPlzA,2022Q3,9,128407.0,85.30422648067285,64025.0,2.01
UC2y5U9wW2-Ny1nWS2jFPlzA,2023Q2,7,118740.0,96.47432875318242,64025.0,1.85
UC2y5U9wW2-Ny1nWS2jFPlzA,2023Q1,9,105310.0,80.70535785931486,64025.0,1.64
UC2y5U9wW2-Ny1nWS2jFPlzA,2022Q4,8,76481.0,55.41018504464344,64025.0,1.19
UC2y5U9wW2-Ny1nWS2jFPlzA,2024Q1,5,59978.0,63.82933325698611,64025.0,0.94
UC2y5U9wW2-Ny1nWS2jFPlzA,2023Q3,4,53846.5,47.52521994310283,64025.0,0.84
UC5YKivGUTTQmhSuaXbxfZSg,2024Q4,9,41344.0,59.78051868616368,12846.5,3.22
UC5YKivGUTTQmhSuaXbxfZSg,2025Q3,38,32928.0,80.95598383127171,12846.5,2.56
UC5YKivGUTTQmhSuaXbxfZSg,2025Q1,21,31071.0,54.84445830019052,12846.5,2.42
UC5YKivGUTTQmhSuaXbxfZSg,2024Q3,6,26800.0,37.4184086636819,12846.5,2.09
UC5YKivGUTTQmhSuaXbxfZSg,2025Q2,33,14965.0,31.131400518652658,12846.5,1.16
UC5YKivGUTTQmhSuaXbxfZSg,2025Q4,31,14556.0,46.881410704697274,12846.5,1.13
UC5YKivGUTTQmhSuaXbxfZSg,2026Q1,69,9360.0,48.83953497444403,12846.5,0.73
UC5YKivGUTTQmhSuaXbxfZSg,2026Q2,86,7143.0,59.82763472984935,12846.5,0.56
UC5YKivGUTTQmhSuaXbxfZSg,2026Q3,11,7006.0,142.72824132144632,12846.5,0.55
UC5kh_CumIL_usjg3pW5J9Qw,2026Q1,90,11938.0,67.9537026053948,8981.5,1.33
UC5kh_CumIL_usjg3pW5J9Qw,2026Q2,201,8802.0,70.44845365759814,8981.5,0.98
UC5kh_CumIL_usjg3pW5J9Qw,2026Q3,89,8038.0,164.8263632546991,8981.5,0.89
UC72h7j1uru3iopWJkaR958g,2026Q2,143,1775.0,19.060527650395866,1626.5,1.09
UC72h7j1uru3iopWJkaR958g,2026Q3,117,1472.0,32.06854596822552,1626.5,0.91
UC7AoMESkPXV_Bqr0I8dbzrw,2025Q4,36,22370.0,82.59033408697078,14059.0,1.59
UC7AoMESkPXV_Bqr0I8dbzrw,2026Q2,12,17619.5,157.2828103411494,14059.0,1.25
UC7AoMESkPXV_Bqr0I8dbzrw,2026Q1,21,17211.0,74.68664319558529,14059.0,1.22
UC7AoMESkPXV_Bqr0I8dbzrw,2026Q3,5,14540.0,363.8040091677235,14059.0,1.03
UC7AoMESkPXV_Bqr0I8dbzrw,2025Q3,13,12907.0,34.09906700918486,14059.0,0.92
UC7AoMESkPXV_Bqr0I8dbzrw,2025Q2,20,11050.5,22.700862740428633,14059.0,0.79
UC7AoMESkPXV_Bqr0I8dbzrw,2025Q1,14,8564.0,14.490118154387812,14059.0,0.61
UC7AoMESkPXV_Bqr0I8dbzrw,2024Q4,15,8434.0,12.986152361292595,14059.0,0.6
UC7sXGI8p8PvKosLWagkK9wQ,2021Q1,4,444883.0,216.76021143331414,162551.5,2.74
UC7sXGI8p8PvKosLWagkK9wQ,2022Q3,5,216922.0,142.27923835262374,162551.5,1.33
UC7sXGI8p8PvKosLWagkK9wQ,2026Q2,4,167422.5,1401.5833168664299,162551.5,1.03
UC7sXGI8p8PvKosLWagkK9wQ,2020Q2,6,154190.5,66.50278593448849,162551.5,0.95
UC7sXGI8p8PvKosLWagkK9wQ,2020Q1,4,147801.5,62.651922222941224,162551.5,0.91
UC7sXGI8p8PvKosLWagkK9wQ,2022Q4,4,110552.0,77.87569115666793,162551.5,0.68
UCASM0cgfkJxQ1ICmRilfHLw,2026Q3,5,1292573.0,19639.54741344116,693096.0,1.86
UCASM0cgfkJxQ1ICmRilfHLw,2026Q2,13,1216597.0,10447.48554444822,693096.0,1.76
UCASM0cgfkJxQ1ICmRilfHLw,2026Q1,13,984313.0,4912.398507838204,693096.0,1.42
UCASM0cgfkJxQ1ICmRilfHLw,2025Q4,13,679853.0,2224.1110122305777,693096.0,0.98
UCASM0cgfkJxQ1ICmRilfHLw,2025Q1,13,659398.0,1188.2712902800238,693096.0,0.95
UCASM0cgfkJxQ1ICmRilfHLw,2024Q4,14,617303.0,939.0421243091065,693096.0,0.89
UCASM0cgfkJxQ1ICmRilfHLw,2025Q2,13,563434.0,1157.316423687813,693096.0,0.81
UCASM0cgfkJxQ1ICmRilfHLw,2025Q3,13,386968.0,1043.2073784087468,693096.0,0.56
UCAsdYT8gu1MS2pPr48ZLcvA,2024Q3,4,11330.0,15.716218013750641,2252.0,5.03
UCAsdYT8gu1MS2pPr48ZLcvA,2025Q2,14,5231.0,10.967707874560725,2252.0,2.32
UCAsdYT8gu1MS2pPr48ZLcvA,2024Q4,21,3189.0,4.967167189759099,2252.0,1.42
UCAsdYT8gu1MS2pPr48ZLcvA,2025Q3,19,3129.0,7.4047649371505955,2252.0,1.39
UCAsdYT8gu1MS2pPr48ZLcvA,2025Q4,16,3062.5,10.17464571368755,2252.0,1.36
UCAsdYT8gu1MS2pPr48ZLcvA,2026Q1,12,2399.5,13.038791223869032,2252.0,1.07
UCAsdYT8gu1MS2pPr48ZLcvA,2025Q1,20,1996.5,3.5568971318179017,2252.0,0.89
UCAsdYT8gu1MS2pPr48ZLcvA,2026Q2,17,930.0,10.791476049801789,2252.0,0.41
UCAsdYT8gu1MS2pPr48ZLcvA,2026Q3,11,783.0,15.383078863606672,2252.0,0.35
UCBIt1VN5j37PVM8LLSuTTlw,2024Q1,9,41337.0,44.56008887514275,25457.0,1.62
UCBIt1VN5j37PVM8LLSuTTlw,2023Q4,6,36382.0,36.472499490168474,25457.0,1.43
UCBIt1VN5j37PVM8LLSuTTlw,2024Q2,7,24570.0,30.610382477351763,25457.0,0.97
UCBIt1VN5j37PVM8LLSuTTlw,2024Q3,10,24691.5,32.87203066135117,25457.0,0.97
UCBIt1VN5j37PVM8LLSuTTlw,2025Q4,4,23200.0,78.06375985032363,25457.0,0.91
UCBIt1VN5j37PVM8LLSuTTlw,2024Q4,8,20691.5,30.815797277603146,25457.0,0.81
UCBxm9WodPjj70GaiKTIRPGg,2025Q1,82,7480.5,13.270889712302981,5792.0,1.29
UCBxm9WodPjj70GaiKTIRPGg,2025Q3,88,6715.5,17.743607367089922,5792.0,1.16
UCBxm9WodPjj70GaiKTIRPGg,2025Q2,96,6233.0,13.15096993081312,5792.0,1.08
UCBxm9WodPjj70GaiKTIRPGg,2025Q4,105,6002.0,19.713314171765397,5792.0,1.04
UCBxm9WodPjj70GaiKTIRPGg,2026Q1,64,2797.5,15.20638804367076,5792.0,0.48
UCBxm9WodPjj70GaiKTIRPGg,2026Q2,90,2388.0,20.071949863444036,5792.0,0.41
UCBxm9WodPjj70GaiKTIRPGg,2026Q3,40,2191.5,47.45235136676416,5792.0,0.38
UCC552Sd-3nyi_tk2BudLUzA,2025Q1,4,688493.0,1240.2876503808334,421010.0,1.64
UCC552Sd-3nyi_tk2BudLUzA,2025Q4,4,366938.0,1238.1650189426389,421010.0,0.87
UCC552Sd-3nyi_tk2BudLUzA,2026Q2,4,201525.0,2362.6109061903753,421010.0,0.48
UCCAmVExQtgxzbIJJJoVA5Sw,2025Q3,4,48527.5,122.77599150058093,35557.5,1.36
UCCMkQlTXghwaB0hohPrEACA,2025Q4,13,26644.0,78.80102410159488,10905.0,2.44
UCCMkQlTXghwaB0hohPrEACA,2026Q2,12,19081.5,169.54690708242842,10905.0,1.75
UCCMkQlTXghwaB0hohPrEACA,2024Q4,20,12414.0,19.372465150654016,10905.0,1.14
UCCMkQlTXghwaB0hohPrEACA,2026Q1,8,11051.5,61.92706958357857,10905.0,1.01
UCCMkQlTXghwaB0hohPrEACA,2024Q3,4,10811.5,15.021085914483432,10905.0,0.99
UCCMkQlTXghwaB0hohPrEACA,2026Q3,6,10724.5,255.6569996601844,10905.0,0.98
UCCMkQlTXghwaB0hohPrEACA,2025Q1,21,10147.0,18.693237659294844,10905.0,0.93
UCCMkQlTXghwaB0hohPrEACA,2025Q3,20,10039.5,27.157131756021403,10905.0,0.92
UCCMkQlTXghwaB0hohPrEACA,2025Q2,25,8897.0,17.81127256826868,10905.0,0.82
UCCbv0qixG-cyokxEY3kELtg,2025Q2,4,635671.5,1294.4369718117994,122116.0,5.21
UCCbv0qixG-cyokxEY3kELtg,2025Q1,4,139854.5,250.59772979767814,122116.0,1.15
UCCbv0qixG-cyokxEY3kELtg,2026Q1,4,73305.5,381.64344261754485,122116.0,0.6
UCCbv0qixG-cyokxEY3kELtg,2026Q2,6,64507.0,527.034984739896,122116.0,0.53
UCD_hOUSXUXViTvIkbLasfdQ,2026Q1,105,11742.0,55.31761785529775,10187.0,1.15
UCD_hOUSXUXViTvIkbLasfdQ,2025Q2,86,11626.0,25.047688290979494,10187.0,1.14
UCD_hOUSXUXViTvIkbLasfdQ,2025Q4,93,11337.0,39.60431637680161,10187.0,1.11
UCD_hOUSXUXViTvIkbLasfdQ,2025Q3,139,9019.0,23.055570145583708,10187.0,0.89
UCD_hOUSXUXViTvIkbLasfdQ,2026Q2,112,8852.0,71.84662740130173,10187.0,0.87
UCD_hOUSXUXViTvIkbLasfdQ,2026Q3,14,6147.0,158.1383934227356,10187.0,0.6
UCDmJ0q0ggEZcOh5-3XUVYqQ,2026Q2,71,2919.0,24.156847499017214,1583.0,1.84
UCDmJ0q0ggEZcOh5-3XUVYqQ,2026Q3,38,1154.5,21.72335012846831,1583.0,0.73
UCEAAzv2OBqxsSczKJ2QZyGQ,2025Q4,7,390280.0,1512.8221563359446,139995.0,2.79
UCEAAzv2OBqxsSczKJ2QZyGQ,2026Q1,93,141326.0,754.640001153489,139995.0,1.01
UCEAAzv2OBqxsSczKJ2QZyGQ,2026Q2,90,127604.5,1226.0301591944658,139995.0,0.91
UCEAAzv2OBqxsSczKJ2QZyGQ,2026Q3,32,123003.5,2503.869772441387,139995.0,0.88
UCEIWHQnlNkt5oa1AOTdr8eA,2026Q1,132,2301.5,10.215800565854972,2069.5,1.11
UCEIWHQnlNkt5oa1AOTdr8eA,2025Q4,32,2210.0,8.40928790821206,2069.5,1.07
UCEIWHQnlNkt5oa1AOTdr8eA,2026Q2,134,1996.0,15.59345771145784,2069.5,0.96
UCEIWHQnlNkt5oa1AOTdr8eA,2026Q3,74,1340.5,33.664783978696434,2069.5,0.65
UCF09Jbsxb7x6lJ5imkapHNA,2026Q3,6,28654.0,545.9775423792969,13770.0,2.08
UCF09Jbsxb7x6lJ5imkapHNA,2026Q1,4,15743.0,90.10817264720887,13770.0,1.14
UCF09Jbsxb7x6lJ5imkapHNA,2026Q2,20,10157.5,97.60803020186489,13770.0,0.74
UCFOry4O_FlI2HU5epQnDWPQ,2024Q4,7,56249.0,81.18840118027303,38947.5,1.44
UCFOry4O_FlI2HU5epQnDWPQ,2025Q4,5,50659.0,166.7948469944846,38947.5,1.3
UCFOry4O_FlI2HU5epQnDWPQ,2025Q2,10,49214.0,97.34965722953947,38947.5,1.26
UCFOry4O_FlI2HU5epQnDWPQ,2025Q1,6,47599.0,81.94384386628744,38947.5,1.22
UCFOry4O_FlI2HU5epQnDWPQ,2026Q3,7,29120.0,606.8398740085614,38947.5,0.75
UCFOry4O_FlI2HU5epQnDWPQ,2026Q2,11,26430.0,307.79155209421447,38947.5,0.68
UCFOry4O_FlI2HU5epQnDWPQ,2025Q3,8,24013.0,66.10621564561177,38947.5,0.62
UCFOry4O_FlI2HU5epQnDWPQ,2026Q1,10,18780.5,86.32211312556838,38947.5,0.48
UCFaJ8JgHaiXBmSzZEGvW5XA,2025Q1,18,16323.5,28.954733099426555,10960.5,1.49
UCFaJ8JgHaiXBmSzZEGvW5XA,2024Q4,4,14608.5,23.10647774724712,10960.5,1.33
UCFaJ8JgHaiXBmSzZEGvW5XA,2025Q3,7,12433.0,29.483054346540133,10960.5,1.13
UCFaJ8JgHaiXBmSzZEGvW5XA,2025Q2,8,11924.5,24.374483291906188,10960.5,1.09
UCFaJ8JgHaiXBmSzZEGvW5XA,2024Q3,23,5354.0,6.833034399099087,10960.5,0.49
UCHj7vxqgE8NSpuwjM19LAsg,2024Q4,15,17447.0,27.007659504350464,14270.5,1.22
UCHj7vxqgE8NSpuwjM19LAsg,2025Q1,11,15843.0,26.856256484491638,14270.5,1.11
UCHj7vxqgE8NSpuwjM19LAsg,2025Q2,7,15557.0,30.327868494744294,14270.5,1.09
UCHj7vxqgE8NSpuwjM19LAsg,2025Q3,9,13922.0,37.32840767612624,14270.5,0.98
UCHj7vxqgE8NSpuwjM19LAsg,2025Q4,5,9976.0,35.40187006094501,14270.5,0.7
UCHj7vxqgE8NSpuwjM19LAsg,2026Q1,5,6174.0,34.88910079458405,14270.5,0.43
UCHj7vxqgE8NSpuwjM19LAsg,2026Q2,4,5699.0,38.89054051950455,14270.5,0.4
UCIP3QFzSshFMYBSLtHAZvQA,2024Q4,21,16816.0,25.811427662208146,10882.0,1.55
UCIP3QFzSshFMYBSLtHAZvQA,2025Q1,27,16101.0,26.89004506537717,10882.0,1.48
UCIP3QFzSshFMYBSLtHAZvQA,2025Q2,17,11473.0,23.91453061502462,10882.0,1.05
UCIP3QFzSshFMYBSLtHAZvQA,2025Q3,27,10878.0,28.78632976373282,10882.0,1.0
UCIP3QFzSshFMYBSLtHAZvQA,2025Q4,21,10471.0,34.818942869803614,10882.0,0.96
UCIP3QFzSshFMYBSLtHAZvQA,2024Q3,7,9179.0,12.75216235187751,10882.0,0.84
UCIP3QFzSshFMYBSLtHAZvQA,2026Q1,8,8737.5,38.62017310865399,10882.0,0.8
UCIP3QFzSshFMYBSLtHAZvQA,2026Q2,10,8269.5,70.08687972105324,10882.0,0.76
UCIP3QFzSshFMYBSLtHAZvQA,2026Q3,4,6167.5,108.1625522160485,10882.0,0.57
UCL_v4tC26PvOFytV1_eEVSg,2025Q2,16,33083.0,65.19441840698192,24323.0,1.36
UCL_v4tC26PvOFytV1_eEVSg,2025Q4,10,30488.5,108.41475877289888,24323.0,1.25
UCL_v4tC26PvOFytV1_eEVSg,2024Q4,9,28539.0,42.68625189150297,24323.0,1.17
UCL_v4tC26PvOFytV1_eEVSg,2026Q2,14,26304.0,213.86619817809054,24323.0,1.08
UCL_v4tC26PvOFytV1_eEVSg,2025Q3,4,24064.0,61.19297289860471,24323.0,0.99
UCL_v4tC26PvOFytV1_eEVSg,2026Q1,11,21814.0,101.59850758082673,24323.0,0.9
UCL_v4tC26PvOFytV1_eEVSg,2025Q1,23,20959.0,37.58463728712691,24323.0,0.86
UCL_v4tC26PvOFytV1_eEVSg,2026Q3,5,10838.0,231.55707459511055,24323.0,0.45
UCLe_q9axMaeTbjN0hy1Z9xA,2026Q1,7,1461835.0,8319.563763551692,1427716.0,1.02
UCLe_q9axMaeTbjN0hy1Z9xA,2026Q2,35,1432866.0,11915.143709886142,1427716.0,1.0
UCLe_q9axMaeTbjN0hy1Z9xA,2026Q3,14,1370125.5,33435.35083728371,1427716.0,0.96
UCNj1mz_ZzBs-8x28Jd_bCEA,2025Q2,7,45272.0,97.6653376704721,3678.0,12.31
UCNj1mz_ZzBs-8x28Jd_bCEA,2025Q3,12,7243.5,18.64271937332768,3678.0,1.97
UCNj1mz_ZzBs-8x28Jd_bCEA,2026Q3,6,4628.0,82.85740343261592,3678.0,1.26
UCNj1mz_ZzBs-8x28Jd_bCEA,2026Q1,12,4413.5,22.026258808018056,3678.0,1.2
UCNj1mz_ZzBs-8x28Jd_bCEA,2026Q2,13,3784.0,45.71814203486136,3678.0,1.03
UCNj1mz_ZzBs-8x28Jd_bCEA,2025Q4,16,3533.0,11.322311673095449,3678.0,0.96
UCNj1mz_ZzBs-8x28Jd_bCEA,2024Q4,5,679.0,0.964780705071424,3678.0,0.18
UCNj1mz_ZzBs-8x28Jd_bCEA,2025Q1,4,567.0,0.9913179048002111,3678.0,0.15
UCO3qWot3L3egKYit9x9uWGw,2026Q3,23,3400.0,64.31280366939725,2855.0,1.19
UCO3qWot3L3egKYit9x9uWGw,2026Q1,54,3267.5,16.6595490372643,2855.0,1.14
UCO3qWot3L3egKYit9x9uWGw,2025Q4,53,3233.0,11.083549341694425,2855.0,1.13
UCO3qWot3L3egKYit9x9uWGw,2026Q2,53,2929.0,25.479520016780953,2855.0,1.03
UCO3qWot3L3egKYit9x9uWGw,2025Q1,54,2849.0,4.8047944658708435,2855.0,1.0
UCO3qWot3L3egKYit9x9uWGw,2024Q3,16,2704.5,3.798200261089054,2855.0,0.95
UCO3qWot3L3egKYit9x9uWGw,2025Q2,54,2518.0,5.100777488009534,2855.0,0.88
UCO3qWot3L3egKYit9x9uWGw,2025Q3,60,2472.5,6.347270881666334,2855.0,0.87
UCO3qWot3L3egKYit9x9uWGw,2024Q4,53,2446.0,3.594248668666113,2855.0,0.86
UCOHxDwCcOzBaLkeTazanwcw,2025Q4,20,178885.0,579.3962965904967,150511.0,1.19
UCOHxDwCcOzBaLkeTazanwcw,2025Q2,25,165071.0,342.5460129159376,150511.0,1.1
UCOHxDwCcOzBaLkeTazanwcw,2026Q2,17,164542.0,1497.4453846196204,150511.0,1.09
UCOHxDwCcOzBaLkeTazanwcw,2026Q1,18,162592.0,810.2193763872552,150511.0,1.08
UCOHxDwCcOzBaLkeTazanwcw,2024Q4,25,149233.0,230.7503458266257,150511.0,0.99
UCOHxDwCcOzBaLkeTazanwcw,2025Q3,24,141214.0,364.8281567082405,150511.0,0.94
UCOHxDwCcOzBaLkeTazanwcw,2025Q1,24,135438.5,237.43103272839414,150511.0,0.9
UCOHxDwCcOzBaLkeTazanwcw,2024Q3,8,83893.0,117.0141810265047,150511.0,0.56
UCP9RPj_BG0vit2TNM7LuRxA,2025Q4,5,959928.0,3478.714596449458,261306.0,3.67
UCP9RPj_BG0vit2TNM7LuRxA,2025Q3,4,583505.5,1447.1855342816402,261306.0,2.23
UCP9RPj_BG0vit2TNM7LuRxA,2026Q1,6,373539.0,2142.2989946569787,261306.0,1.43
UCP9RPj_BG0vit2TNM7LuRxA,2025Q2,4,156003.0,331.91666276422535,261306.0,0.6
UCP9RPj_BG0vit2TNM7LuRxA,2026Q2,5,156722.0,1126.5884296707795,261306.0,0.6
UCPNoCO-IKY1PIQZCUqf4OfA,2024Q4,21,20820.0,30.873266030379423,7919.5,2.63
UCPNoCO-IKY1PIQZCUqf4OfA,2025Q1,14,14434.5,26.279761204905448,7919.5,1.82
UCPNoCO-IKY1PIQZCUqf4OfA,2025Q2,12,10266.5,21.593696614944385,7919.5,1.3
UCPNoCO-IKY1PIQZCUqf4OfA,2025Q3,11,7272.0,17.86446230213522,7919.5,0.92
UCPNoCO-IKY1PIQZCUqf4OfA,2026Q1,11,6000.0,28.1721276464519,7919.5,0.76
UCPNoCO-IKY1PIQZCUqf4OfA,2025Q4,13,5941.0,19.72231177112419,7919.5,0.75
UCPNoCO-IKY1PIQZCUqf4OfA,2026Q3,5,4284.0,103.24369253010607,7919.5,0.54
UCPNoCO-IKY1PIQZCUqf4OfA,2026Q2,10,3875.0,36.44986200151118,7919.5,0.49
UCRCCAnVyzDTcqNYh0pDcq7Q,2025Q4,27,297500.0,1122.532176497785,178058.5,1.67
UCRCCAnVyzDTcqNYh0pDcq7Q,2026Q1,25,216757.0,1005.4361966994422,178058.5,1.22
UCRCCAnVyzDTcqNYh0pDcq7Q,2025Q2,25,205525.0,427.4513090791514,178058.5,1.15
UCRCCAnVyzDTcqNYh0pDcq7Q,2025Q3,28,191547.5,496.9261904331187,178058.5,1.08
UCRCCAnVyzDTcqNYh0pDcq7Q,2025Q1,27,183197.0,301.5163085611559,178058.5,1.03
UCRCCAnVyzDTcqNYh0pDcq7Q,2026Q2,26,159562.5,1426.7990097032725,178058.5,0.9
UCRCCAnVyzDTcqNYh0pDcq7Q,2026Q3,11,147526.0,2698.5428005089634,178058.5,0.83
UCRCCAnVyzDTcqNYh0pDcq7Q,2024Q4,27,129602.0,186.45477532660746,178058.5,0.73
UCRCCAnVyzDTcqNYh0pDcq7Q,2024Q3,6,83888.0,118.1002523446699,178058.5,0.47
UCRI6t05DNVlV0XhdI7hx_iw,2020Q3,5,460465.0,211.81997034919524,14301.0,32.2
UCRI6t05DNVlV0XhdI7hx_iw,2021Q2,5,38216.0,19.391171109217638,14301.0,2.67
UCRI6t05DNVlV0XhdI7hx_iw,2022Q4,4,20673.5,15.136507928630161,14301.0,1.45
UCRI6t05DNVlV0XhdI7hx_iw,2018Q1,14,3179.0,1.020060366043358,14301.0,0.22
UCRI6t05DNVlV0XhdI7hx_iw,2018Q2,11,2455.0,0.8160262796226359,14301.0,0.17
UCRK5xmIi8kuLUduTE3Ti7lw,2026Q2,8,7959.0,113.0949843335722,5671.0,1.4
UCRK5xmIi8kuLUduTE3Ti7lw,2026Q3,335,5578.0,117.22119992459888,5671.0,0.98
UCUHW94eEFW7hkUMVaZz4eDg,2022Q3,4,1797226.5,1215.8010365975597,606461.0,2.96
UCUHW94eEFW7hkUMVaZz4eDg,2025Q3,5,694283.0,1741.388213425117,606461.0,1.14
UCUHW94eEFW7hkUMVaZz4eDg,2025Q4,4,557604.0,2078.9649065228095,606461.0,0.92
UCUHW94eEFW7hkUMVaZz4eDg,2024Q4,4,501434.5,754.4181647574087,606461.0,0.83
UCUHW94eEFW7hkUMVaZz4eDg,2026Q2,4,365797.0,3179.2189628330143,606461.0,0.6
UCUPrbbdnot-aPgNM65svgOg,2025Q2,4,958468.5,2000.5913819983523,598891.0,1.6
UCUPrbbdnot-aPgNM65svgOg,2025Q1,4,921638.5,1618.9336945852613,598891.0,1.54
UCUPrbbdnot-aPgNM65svgOg,2024Q4,9,704214.0,1138.1960622221518,598891.0,1.18
UCUPrbbdnot-aPgNM65svgOg,2025Q4,5,489888.0,1635.6315804578344,598891.0,0.82
UCXLesGEfmyhxqOjoAqhRwhA,2020Q4,12,947003.5,453.19711761462054,236664.0,4.0
UCXLesGEfmyhxqOjoAqhRwhA,2021Q1,4,409737.0,202.3901196605572,236664.0,1.73
UCXLesGEfmyhxqOjoAqhRwhA,2021Q3,5,256364.0,141.41602666723185,236664.0,1.08
UCXLesGEfmyhxqOjoAqhRwhA,2021Q2,7,182092.0,95.59669638382742,236664.0,0.77
UCXLesGEfmyhxqOjoAqhRwhA,2022Q2,7,167738.0,107.53572398908022,236664.0,0.71
UCXLesGEfmyhxqOjoAqhRwhA,2022Q3,4,102278.0,68.29162526760027,236664.0,0.43
UCXLesGEfmyhxqOjoAqhRwhA,2021Q4,10,85584.5,48.365045823822385,236664.0,0.36
UCZ4AMrDcNrfy3X6nsU8-rPg,2025Q1,12,602578.5,1110.4781265060883,447264.0,1.35
UCZ4AMrDcNrfy3X6nsU8-rPg,2025Q4,5,587884.0,2087.152076456958,447264.0,1.31
UCZ4AMrDcNrfy3X6nsU8-rPg,2024Q4,11,577753.0,866.6265025337533,447264.0,1.29
UCZ4AMrDcNrfy3X6nsU8-rPg,2025Q3,8,526601.5,1412.0546924135383,447264.0,1.18
UCZ4AMrDcNrfy3X6nsU8-rPg,2025Q2,9,521138.0,1044.5403712557654,447264.0,1.17
UCZ4AMrDcNrfy3X6nsU8-rPg,2026Q2,13,401393.0,3296.2173332344955,447264.0,0.9
UCZ4AMrDcNrfy3X6nsU8-rPg,2026Q1,11,358374.0,1813.3984156565855,447264.0,0.8
UCZmKFfiLAag4Cw612favrSg,2026Q2,13,3499.0,29.020936705063278,2317.0,1.51
UCZmKFfiLAag4Cw612favrSg,2025Q1,5,2860.0,5.156615498553612,2317.0,1.23
UCZmKFfiLAag4Cw612favrSg,2026Q1,21,2656.0,14.911622079158077,2317.0,1.15
UCZmKFfiLAag4Cw612favrSg,2025Q4,28,2314.5,7.4774776792369355,2317.0,1.0
UCZmKFfiLAag4Cw612favrSg,2025Q2,17,2201.0,4.474778099116219,2317.0,0.95
UCZmKFfiLAag4Cw612favrSg,2025Q3,24,1574.5,4.298512385588167,2317.0,0.68
UC_4JcFVfzl5f5runRldZgtw,2025Q2,30,89754.0,186.72672127020707,56189.0,1.6
UC_4JcFVfzl5f5runRldZgtw,2026Q2,21,68096.0,609.7333677227782,56189.0,1.21
UC_4JcFVfzl5f5runRldZgtw,2025Q1,19,55991.0,91.54812525556673,56189.0,1.0
UC_4JcFVfzl5f5runRldZgtw,2024Q4,16,44769.5,69.28654396275981,56189.0,0.8
UC_4JcFVfzl5f5runRldZgtw,2026Q1,22,29442.0,135.59761066553472,56189.0,0.52
UC_4JcFVfzl5f5runRldZgtw,2025Q4,11,24416.0,81.49670852346057,56189.0,0.43
UCcsVDxIsL0pd6YOksxhEoHA,2023Q3,5,40802.0,36.6117362632501,26418.5,1.54
UCcsVDxIsL0pd6YOksxhEoHA,2022Q3,6,32581.5,22.178654115729408,26418.5,1.23
UCcsVDxIsL0pd6YOksxhEoHA,2022Q4,4,31287.0,22.661373819102316,26418.5,1.18
UCcsVDxIsL0pd6YOksxhEoHA,2023Q4,6,23114.5,22.69387975644063,26418.5,0.87
UCcsVDxIsL0pd6YOksxhEoHA,2022Q2,8,12602.0,7.866305536734595,26418.5,0.48
UCdL0Zdq18Wrtx5yRLFgiwDA,2025Q4,31,5345.0,18.83893453892581,1077.0,4.96
UCdL0Zdq18Wrtx5yRLFgiwDA,2026Q1,54,1396.0,7.392811325751501,1077.0,1.3
UCdL0Zdq18Wrtx5yRLFgiwDA,2026Q2,75,654.0,7.544081652030703,1077.0,0.61
UCdhl39fG5MNa9NhHE6LDeKA,2025Q3,19,3346.0,9.267828954531133,1738.5,1.92
UCdhl39fG5MNa9NhHE6LDeKA,2025Q4,24,2040.0,6.471922655900862,1738.5,1.17
UCdhl39fG5MNa9NhHE6LDeKA,2026Q1,7,310.0,1.3036563807292565,1738.5,0.18
UCdhl39fG5MNa9NhHE6LDeKA,2026Q2,4,118.5,1.325312640086123,1738.5,0.07
UCeLe9gr7c9CsAtFusECY18g,2022Q4,4,134767.0,96.67170862688849,53603.0,2.51
UCeLe9gr7c9CsAtFusECY18g,2024Q1,4,105880.0,112.95015284993534,53603.0,1.98
UCeLe9gr7c9CsAtFusECY18g,2023Q4,4,39278.5,38.1202508944007,53603.0,0.73
UCeLe9gr7c9CsAtFusECY18g,2023Q1,6,12101.0,9.152854868101908,53603.0,0.23
UCeLe9gr7c9CsAtFusECY18g,2023Q3,4,10605.5,9.579519461010634,53603.0,0.2
UCfhbydY40P2Lli9HuBz8cdA,2024Q3,4,486246.0,681.9305829656714,140995.5,3.45
UCfhbydY40P2Lli9HuBz8cdA,2026Q1,16,264236.5,1287.2147000914383,140995.5,1.87
UCfhbydY40P2Lli9HuBz8cdA,2025Q4,14,259625.0,832.6568354911278,140995.5,1.84
UCfhbydY40P2Lli9HuBz8cdA,2024Q4,17,193209.0,299.0339082808652,140995.5,1.37
UCfhbydY40P2Lli9HuBz8cdA,2026Q3,7,182999.0,3104.3183190348946,140995.5,1.3
UCfhbydY40P2Lli9HuBz8cdA,2025Q3,14,175403.0,485.01635643272624,140995.5,1.24
UCfhbydY40P2Lli9HuBz8cdA,2026Q2,27,108324.0,1210.028335422071,140995.5,0.77
UCfhbydY40P2Lli9HuBz8cdA,2025Q2,15,100280.0,195.5032927364664,140995.5,0.71
UCfhbydY40P2Lli9HuBz8cdA,2025Q1,44,14444.0,24.1133953991582,140995.5,0.1
UCgOHoUCzElFju7HgkuHLzfw,2024Q3,8,351.5,0.48625033560929504,102.0,3.45
UCgOHoUCzElFju7HgkuHLzfw,2024Q4,26,157.5,0.24845130272963056,102.0,1.54
UCgOHoUCzElFju7HgkuHLzfw,2025Q1,29,134.0,0.2366322594478771,102.0,1.31
UCgOHoUCzElFju7HgkuHLzfw,2025Q3,39,108.0,0.2832998466623882,102.0,1.06
UCgOHoUCzElFju7HgkuHLzfw,2025Q2,28,98.5,0.2083815686058096,102.0,0.97
UCgOHoUCzElFju7HgkuHLzfw,2026Q1,20,91.5,0.4678633835070047,102.0,0.9
UCgOHoUCzElFju7HgkuHLzfw,2025Q4,31,84.0,0.32463285689312527,102.0,0.82
UCgOHoUCzElFju7HgkuHLzfw,2026Q3,14,65.0,1.2415995807290974,102.0,0.64
UCgOHoUCzElFju7HgkuHLzfw,2026Q2,29,62.0,0.5763789188640733,102.0,0.61
UCgPEfLdSfqeteBIQjMgJFtA,2024Q4,16,6488.5,9.466403231061527,4128.0,1.57
UCgPEfLdSfqeteBIQjMgJFtA,2025Q4,28,4783.0,16.83349950565217,4128.0,1.16
UCgPEfLdSfqeteBIQjMgJFtA,2025Q1,6,4716.0,8.42300391586426,4128.0,1.14
UCgPEfLdSfqeteBIQjMgJFtA,2026Q1,27,4412.0,22.011790842767823,4128.0,1.07
UCgPEfLdSfqeteBIQjMgJFtA,2024Q3,4,4046.5,5.653360240112025,4128.0,0.98
UCgPEfLdSfqeteBIQjMgJFtA,2026Q2,26,4047.5,41.68461067299018,4128.0,0.98
UCgPEfLdSfqeteBIQjMgJFtA,2025Q3,21,2824.0,7.739929706747785,4128.0,0.68
UCgPEfLdSfqeteBIQjMgJFtA,2026Q3,18,2809.5,54.034706773664126,4128.0,0.68
UCgPEfLdSfqeteBIQjMgJFtA,2025Q2,15,2464.0,5.166157439248812,4128.0,0.6
UChlTcWDE8gd4tsl_L727NrQ,2024Q4,12,172121.5,267.6584317793105,125383.0,1.37
UChlTcWDE8gd4tsl_L727NrQ,2025Q1,10,161945.0,286.18648326191004,125383.0,1.29
UChlTcWDE8gd4tsl_L727NrQ,2026Q1,13,129213.0,641.5082585073071,125383.0,1.03
UChlTcWDE8gd4tsl_L727NrQ,2025Q3,11,115779.0,308.47561919284584,125383.0,0.92
UChlTcWDE8gd4tsl_L727NrQ,2025Q2,13,108778.0,221.421942516328,125383.0,0.87
UChlTcWDE8gd4tsl_L727NrQ,2025Q4,14,104384.0,344.1303745672517,125383.0,0.83
UChlTcWDE8gd4tsl_L727NrQ,2026Q2,15,87267.0,782.6769736621269,125383.0,0.7
UChlTcWDE8gd4tsl_L727NrQ,2026Q3,5,65834.0,1136.6584942662482,125383.0,0.53
UCiQpvtOQk1Iz95h9xbIgHsw,2025Q2,24,9260.5,19.398468960813922,5125.0,1.81
UCiQpvtOQk1Iz95h9xbIgHsw,2025Q1,24,6984.5,12.270627045371564,5125.0,1.36
UCiQpvtOQk1Iz95h9xbIgHsw,2024Q3,6,6021.5,8.328093272013465,5125.0,1.17
UCiQpvtOQk1Iz95h9xbIgHsw,2024Q4,26,5824.0,8.875716739760335,5125.0,1.14
UCiQpvtOQk1Iz95h9xbIgHsw,2025Q3,25,5789.0,14.465628259132105,5125.0,1.13
UCiQpvtOQk1Iz95h9xbIgHsw,2025Q4,26,3835.5,13.256279805074707,5125.0,0.75
UCiQpvtOQk1Iz95h9xbIgHsw,2026Q1,26,2743.0,14.111506856460569,5125.0,0.54
UCiQpvtOQk1Iz95h9xbIgHsw,2026Q3,10,2672.0,46.59145851379802,5125.0,0.52
UCiQpvtOQk1Iz95h9xbIgHsw,2026Q2,24,2589.0,25.324712338973427,5125.0,0.51
UCjKvFMbYVKOnBDarCtXfEww,2026Q1,25,138847.0,617.1704769478198,73794.5,1.88
UCjKvFMbYVKOnBDarCtXfEww,2026Q3,11,94977.0,1824.8246560040393,73794.5,1.29
UCjKvFMbYVKOnBDarCtXfEww,2026Q2,23,93877.0,743.6750163174876,73794.5,1.27
UCjKvFMbYVKOnBDarCtXfEww,2025Q4,20,81070.0,250.87212317153308,73794.5,1.1
UCjKvFMbYVKOnBDarCtXfEww,2025Q3,19,45991.0,121.35715599288065,73794.5,0.62
UCjxK94XQv29_nNirjMoR7bg,2025Q3,64,6712.5,18.145130341723394,5122.0,1.31
UCjxK94XQv29_nNirjMoR7bg,2026Q1,143,6705.0,31.597491273778733,5122.0,1.31
UCjxK94XQv29_nNirjMoR7bg,2025Q4,147,5452.0,18.629208486521836,5122.0,1.06
UCjxK94XQv29_nNirjMoR7bg,2026Q2,137,3328.0,32.47509516582103,5122.0,0.65
UCjxK94XQv29_nNirjMoR7bg,2026Q3,50,3228.5,68.07211631309931,5122.0,0.63
UCkCGANrihzExmu9QiqZpPlQ,2025Q2,11,1391431.0,2893.376510714415,930716.0,1.5
UCkCGANrihzExmu9QiqZpPlQ,2024Q3,4,1311112.0,1825.1425121611517,930716.0,1.41
UCkCGANrihzExmu9QiqZpPlQ,2025Q1,11,1140802.0,1941.3798649047458,930716.0,1.23
UCkCGANrihzExmu9QiqZpPlQ,2025Q4,13,1010462.0,3595.8896129998975,930716.0,1.09
UCkCGANrihzExmu9QiqZpPlQ,2025Q3,13,931972.0,2500.086321726419,930716.0,1.0
UCkCGANrihzExmu9QiqZpPlQ,2026Q1,13,787466.0,4524.406495570701,930716.0,0.85
UCkCGANrihzExmu9QiqZpPlQ,2026Q2,14,779410.0,6646.9702451355915,930716.0,0.84
UCkCGANrihzExmu9QiqZpPlQ,2026Q3,6,737252.5,17514.80229415629,930716.0,0.79
UCkCGANrihzExmu9QiqZpPlQ,2024Q4,13,693678.0,1074.462164561969,930716.0,0.75
UCly58gB7268VKzsH4zlMMvQ,2025Q1,4,243752.5,424.702365069654,96392.0,2.53
UCly58gB7268VKzsH4zlMMvQ,2023Q2,4,205846.0,168.98087705700198,96392.0,2.14
UCly58gB7268VKzsH4zlMMvQ,2024Q3,4,101690.0,132.28523513094663,96392.0,1.05
UCly58gB7268VKzsH4zlMMvQ,2024Q1,4,74054.5,82.49152782401087,96392.0,0.77
UCly58gB7268VKzsH4zlMMvQ,2026Q1,6,52409.5,259.0329584348837,96392.0,0.54
UCly58gB7268VKzsH4zlMMvQ,2022Q1,5,8242.0,4.9633383052600495,96392.0,0.09
UCngIhBkikUe6e7tZTjpKK7Q,2026Q2,33,9198.0,117.05611045534535,6915.0,1.33
UCngIhBkikUe6e7tZTjpKK7Q,2026Q3,98,6171.5,125.18668367105815,6915.0,0.89
UCnyrbg0-3GvZyqDSUqVXo2Q,2026Q1,26,49058.5,260.81022400384336,23888.0,2.05
UCnyrbg0-3GvZyqDSUqVXo2Q,2025Q4,31,36820.0,122.76225149038301,23888.0,1.54
UCnyrbg0-3GvZyqDSUqVXo2Q,2025Q3,23,36013.0,91.02039463210266,23888.0,1.51
UCnyrbg0-3GvZyqDSUqVXo2Q,2026Q3,10,8717.0,257.07827621594504,23888.0,0.36
UCnyrbg0-3GvZyqDSUqVXo2Q,2026Q2,28,8374.5,81.27111587989518,23888.0,0.35
UCpExuV8qJMfCaSQNL1YG6bQ,2020Q2,4,941197.5,411.1905561858149,334294.0,2.82
UCpExuV8qJMfCaSQNL1YG6bQ,2019Q1,8,498879.5,180.4480040484836,334294.0,1.49
UCpExuV8qJMfCaSQNL1YG6bQ,2020Q1,6,429921.5,180.40806071579027,334294.0,1.29
UCpExuV8qJMfCaSQNL1YG6bQ,2019Q3,7,407022.0,155.912760399344,334294.0,1.22
UCpExuV8qJMfCaSQNL1YG6bQ,2019Q4,5,401377.0,158.4824563030976,334294.0,1.2
UCpExuV8qJMfCaSQNL1YG6bQ,2019Q2,8,315709.0,118.09582203435541,334294.0,0.94
UCpExuV8qJMfCaSQNL1YG6bQ,2020Q3,4,315739.5,140.76514749892894,334294.0,0.94
UCpH_qlKdyyjBk4mLAZTEKAA,2025Q4,90,22324.0,76.59400157402885,16285.5,1.37
UCpH_qlKdyyjBk4mLAZTEKAA,2026Q1,94,20093.0,99.18944445765453,16285.5,1.23
UCpH_qlKdyyjBk4mLAZTEKAA,2026Q3,40,13812.0,267.09921247026216,16285.5,0.85
UCpH_qlKdyyjBk4mLAZTEKAA,2026Q2,112,9882.5,81.58445984056203,16285.5,0.61
UCqiW-g-FwZ6HJ0fsNHC-Iew,2026Q1,170,4576.5,22.743617907232252,3700.0,1.24
UCqiW-g-FwZ6HJ0fsNHC-Iew,2025Q4,116,4242.5,14.573437310138942,3700.0,1.15
UCqiW-g-FwZ6HJ0fsNHC-Iew,2026Q2,182,3262.5,28.235045517152194,3700.0,0.88
UCqiW-g-FwZ6HJ0fsNHC-Iew,2026Q3,73,2747.0,55.227141243658636,3700.0,0.74
UCqvaXJ1K3HheTPNjH-KpwXQ,2025Q2,8,88351.0,190.62995901500784,32021.0,2.76
UCqvaXJ1K3HheTPNjH-KpwXQ,2024Q4,4,86010.0,133.2835432730984,32021.0,2.69
UCqvaXJ1K3HheTPNjH-KpwXQ,2026Q1,4,46802.0,206.27364971689667,32021.0,1.46
UCqvaXJ1K3HheTPNjH-KpwXQ,2025Q4,5,29346.0,97.65797432311423,32021.0,0.92
UCqvaXJ1K3HheTPNjH-KpwXQ,2025Q3,5,27321.0,72.32005875518206,32021.0,0.85
UCqvaXJ1K3HheTPNjH-KpwXQ,2026Q3,4,19120.5,320.10061613299916,32021.0,0.6
UCqvaXJ1K3HheTPNjH-KpwXQ,2026Q2,6,17052.5,142.21889752385957,32021.0,0.53
UCrNfRFWnLC3tCy1TnyhVQ7g,2026Q2,6,582285.0,4639.123129129389,339676.5,1.71
UCrNfRFWnLC3tCy1TnyhVQ7g,2026Q3,4,500987.5,9042.48260844516,339676.5,1.47
UCrNfRFWnLC3tCy1TnyhVQ7g,2025Q4,6,252334.5,974.548424261066,339676.5,0.74
UCrNfRFWnLC3tCy1TnyhVQ7g,2026Q1,7,135626.0,826.0246074040999,339676.5,0.4
UCrTFPf6rq5OUSWb7ILW9trg,2025Q1,74,85693.0,153.73213242843275,72089.0,1.19
UCrTFPf6rq5OUSWb7ILW9trg,2025Q3,59,86045.0,219.59820372488585,72089.0,1.19
UCrTFPf6rq5OUSWb7ILW9trg,2025Q4,39,82499.0,275.55640704412804,72089.0,1.14
UCrTFPf6rq5OUSWb7ILW9trg,2024Q4,89,70743.0,111.03333084961741,72089.0,0.98
UCrTFPf6rq5OUSWb7ILW9trg,2025Q2,60,70440.0,146.03354721432683,72089.0,0.98
UCrTFPf6rq5OUSWb7ILW9trg,2026Q2,27,61717.0,513.9414109201748,72089.0,0.86
UCrTFPf6rq5OUSWb7ILW9trg,2026Q1,37,51602.0,262.8996472212575,72089.0,0.72
UCrTFPf6rq5OUSWb7ILW9trg,2026Q3,7,49797.0,1347.503227158874,72089.0,0.69
UCrTFPf6rq5OUSWb7ILW9trg,2024Q3,25,39394.0,55.38594272144158,72089.0,0.55
UCsR-oBB7cabU76oTguE17Qw,2024Q4,7,29743.0,44.61437589655383,12047.0,2.47
UCsR-oBB7cabU76oTguE17Qw,2025Q2,11,16372.0,34.3526993571519,12047.0,1.36
UCsR-oBB7cabU76oTguE17Qw,2026Q1,27,13258.0,64.22933947341421,12047.0,1.1
UCsR-oBB7cabU76oTguE17Qw,2025Q4,33,12436.0,43.61005896857592,12047.0,1.03
UCsR-oBB7cabU76oTguE17Qw,2025Q3,23,10995.0,30.195791549127986,12047.0,0.91
UCsR-oBB7cabU76oTguE17Qw,2026Q2,24,9952.5,83.20157091893067,12047.0,0.83
UCsR-oBB7cabU76oTguE17Qw,2026Q3,6,9094.0,176.13801808252373,12047.0,0.75
UCsYYksPHiGqXHPoHI-fm5sg,2021Q4,20,167879.0,97.16951010217325,87595.0,1.92
UCsYYksPHiGqXHPoHI-fm5sg,2022Q4,9,97825.0,69.24199035077368,87595.0,1.12
UCsYYksPHiGqXHPoHI-fm5sg,2022Q1,5,93597.0,55.458153566335426,87595.0,1.07
UCsYYksPHiGqXHPoHI-fm5sg,2025Q1,6,20521.5,37.32415613713608,87595.0,0.23
UCtYzVCmNxrshH4_bPO_-Y-A,2024Q3,7,24532.0,30.93840687978058,13283.5,1.85
UCtYzVCmNxrshH4_bPO_-Y-A,2025Q1,7,20495.0,34.34398015168171,13283.5,1.54
UCtYzVCmNxrshH4_bPO_-Y-A,2025Q2,6,17697.0,37.08116180007187,13283.5,1.33
UCtYzVCmNxrshH4_bPO_-Y-A,2024Q4,7,15321.0,22.5049218555509,13283.5,1.15
UCtYzVCmNxrshH4_bPO_-Y-A,2025Q3,7,10017.0,26.61349535615751,13283.5,0.75
UCtYzVCmNxrshH4_bPO_-Y-A,2026Q1,8,9107.0,42.269062398040575,13283.5,0.69
UCtYzVCmNxrshH4_bPO_-Y-A,2025Q4,6,8647.5,27.304180626717944,13283.5,0.65
UCtYzVCmNxrshH4_bPO_-Y-A,2026Q2,6,8009.0,71.33712360196745,13283.5,0.6
UCtnJmiK9f4pLWhh61ySbdvQ,2025Q3,4,14451.0,36.473465938649085,9216.5,1.57
UCtnJmiK9f4pLWhh61ySbdvQ,2025Q1,41,11283.0,20.405764071967674,9216.5,1.22
UCtnJmiK9f4pLWhh61ySbdvQ,2024Q4,81,10321.0,15.650193263246528,9216.5,1.12
UCtnJmiK9f4pLWhh61ySbdvQ,2026Q3,18,9447.0,201.02984766084523,9216.5,1.03
UCtnJmiK9f4pLWhh61ySbdvQ,2025Q2,22,8843.5,17.495963805814213,9216.5,0.96
UCtnJmiK9f4pLWhh61ySbdvQ,2024Q3,6,8580.0,12.033124334481958,9216.5,0.93
UCtnJmiK9f4pLWhh61ySbdvQ,2026Q2,49,5068.0,47.39870308446665,9216.5,0.55
UCurYxozQbvKn-oNUxNJh45Q,2024Q3,4,316980.5,440.036908866809,188685.0,1.68
UCurYxozQbvKn-oNUxNJh45Q,2024Q4,13,304812.0,443.15664559443,188685.0,1.62
UCurYxozQbvKn-oNUxNJh45Q,2025Q2,14,213439.0,430.62847703777413,188685.0,1.13
UCurYxozQbvKn-oNUxNJh45Q,2026Q2,9,208456.0,1727.3557756712091,188685.0,1.1
UCurYxozQbvKn-oNUxNJh45Q,2025Q3,14,200597.5,516.7705027748464,188685.0,1.06
UCurYxozQbvKn-oNUxNJh45Q,2025Q1,14,184402.0,314.5591930963578,188685.0,0.98
UCurYxozQbvKn-oNUxNJh45Q,2026Q1,10,143836.0,651.0691356621676,188685.0,0.76
UCurYxozQbvKn-oNUxNJh45Q,2025Q4,11,133441.0,474.41359861526763,188685.0,0.71
UCvWpf6aN45jIFIifAvBF_aA,2026Q1,181,11473.0,54.730036103740716,9773.0,1.17
UCvWpf6aN45jIFIifAvBF_aA,2025Q4,95,9520.0,34.865046668839135,9773.0,0.97
UCvWpf6aN45jIFIifAvBF_aA,2026Q2,181,8441.0,68.68546486163262,9773.0,0.86
UCvWpf6aN45jIFIifAvBF_aA,2026Q3,80,7548.5,157.37029148900604,9773.0,0.77
UCw5TLrz3qADabwezTEcOmgQ,2025Q2,11,41556.0,89.9963720026402,22542.0,1.84
UCw5TLrz3qADabwezTEcOmgQ,2026Q3,16,27499.0,468.4132078897463,22542.0,1.22
UCw5TLrz3qADabwezTEcOmgQ,2025Q4,25,25432.0,81.45873806938691,22542.0,1.13
UCw5TLrz3qADabwezTEcOmgQ,2025Q3,30,22943.5,59.141014312359445,22542.0,1.02
UCw5TLrz3qADabwezTEcOmgQ,2026Q2,30,21394.0,198.02735703521842,22542.0,0.95
UCw5TLrz3qADabwezTEcOmgQ,2026Q1,39,18297.0,85.76312459710081,22542.0,0.81
UCwTu6kD2igaLMpxswtcdxlg,2026Q1,75,81808.0,419.50194474953946,28107.0,2.91
UCwTu6kD2igaLMpxswtcdxlg,2026Q2,77,68901.0,650.7906312995042,28107.0,2.45
UCwTu6kD2igaLMpxswtcdxlg,2026Q3,34,67736.0,1293.7624787071459,28107.0,2.41
UCwTu6kD2igaLMpxswtcdxlg,2025Q4,93,37913.0,129.16526997007227,28107.0,1.35
UCwTu6kD2igaLMpxswtcdxlg,2025Q2,125,22730.0,47.970872858860524,28107.0,0.81
UCwTu6kD2igaLMpxswtcdxlg,2025Q3,173,16233.0,42.9762656918953,28107.0,0.58
UCxH2HgyINJnROn6TgrTzJkw,2025Q1,7,277279.0,451.50188714301316,163494.0,1.7
UCxH2HgyINJnROn6TgrTzJkw,2024Q3,5,208919.0,283.01875740644635,163494.0,1.28
UCxH2HgyINJnROn6TgrTzJkw,2025Q4,6,205851.0,672.505716053605,163494.0,1.26
UCxH2HgyINJnROn6TgrTzJkw,2025Q2,5,184771.0,410.81931587047967,163494.0,1.13
UCxH2HgyINJnROn6TgrTzJkw,2026Q1,11,124102.0,556.127294794607,163494.0,0.76
UCxH2HgyINJnROn6TgrTzJkw,2026Q2,5,120845.0,922.7956872087135,163494.0,0.74
UCxH2HgyINJnROn6TgrTzJkw,2024Q4,7,65477.0,94.05763610535182,163494.0,0.4
UCybBViio_TH_uiFFDJuz5tg,2024Q4,7,189657.0,283.5985002681186,139176.0,1.36
UCybBViio_TH_uiFFDJuz5tg,2025Q1,7,169388.0,316.1438868509712,139176.0,1.22
UCybBViio_TH_uiFFDJuz5tg,2025Q4,8,128707.5,468.1692463136435,139176.0,0.92
UCybBViio_TH_uiFFDJuz5tg,2026Q1,7,125649.0,682.100429746903,139176.0,0.9
UCybBViio_TH_uiFFDJuz5tg,2026Q2,9,93505.0,720.4149403187897,139176.0,0.67
