channel_id,subject,n,median_views,median_vpd,channel_median,index_vs_channel
UC-08FfiuOa8Swp8NQX_lrRw,other,5,3354.0,19.2844377328933,2837.0,1.18
UC-08FfiuOa8Swp8NQX_lrRw,crypto,516,2835.5,14.701210981982078,2837.0,1.0
UC-luaBAGSqZ---25Wifnnhg,indicators,119,27677.0,126.4295641305127,22891.0,1.21
UC-luaBAGSqZ---25Wifnnhg,education,5,22484.0,58.701718744404836,22891.0,0.98
UC-luaBAGSqZ---25Wifnnhg,other,21,7505.0,37.092028095476124,22891.0,0.33
UC-luaBAGSqZ---25Wifnnhg,crypto,12,3320.5,4.809320571169074,22891.0,0.15
UC0ep2A36j7gTFdqW2Yvngbg,indicators,6,339126.0,1582.2142552262007,134455.5,2.52
UC0ep2A36j7gTFdqW2Yvngbg,education,13,240265.0,651.3950703052886,134455.5,1.79
UC0ep2A36j7gTFdqW2Yvngbg,news,9,131219.0,376.73463150322704,134455.5,0.98
UC0ep2A36j7gTFdqW2Yvngbg,other,20,121880.0,418.75214051044077,134455.5,0.91
UC14Fb2zWTEZklONPXFbLrTQ,macro,11,447765.0,2824.2403514825955,846685.0,0.53
UC2y5U9wW2-Ny1nWS2jFPlzA,education,15,102304.0,115.81099777795963,64025.0,1.6
UC2y5U9wW2-Ny1nWS2jFPlzA,indicators,38,63665.0,76.52251627940079,64025.0,0.99
UC2y5U9wW2-Ny1nWS2jFPlzA,stocks,4,21134.0,45.1469176624001,64025.0,0.33
UC72h7j1uru3iopWJkaR958g,stocks,12,1817.5,14.118492811842486,1626.5,1.12
UC72h7j1uru3iopWJkaR958g,education,245,1584.0,25.876747437657187,1626.5,0.97
UC7AoMESkPXV_Bqr0I8dbzrw,gold,132,14216.0,53.544577397561234,14059.0,1.01
UCASM0cgfkJxQ1ICmRilfHLw,stocks,11,1052704.0,6626.034613437918,693096.0,1.52
UCASM0cgfkJxQ1ICmRilfHLw,other,41,752328.0,2291.906814479793,693096.0,1.09
UCASM0cgfkJxQ1ICmRilfHLw,crypto,5,680544.0,979.3049242411226,693096.0,0.98
UCASM0cgfkJxQ1ICmRilfHLw,education,10,680491.0,1376.367011368512,693096.0,0.98
UCASM0cgfkJxQ1ICmRilfHLw,news,7,580756.0,1539.7750431545228,693096.0,0.84
UCASM0cgfkJxQ1ICmRilfHLw,macro,22,561414.0,1193.4826631390174,693096.0,0.81
UCAsdYT8gu1MS2pPr48ZLcvA,stocks,128,2321.0,9.895085140112677,2252.0,1.03
UCAsdYT8gu1MS2pPr48ZLcvA,gold,5,911.0,7.2880152747372975,2252.0,0.4
UCBxm9WodPjj70GaiKTIRPGg,other,61,6733.0,13.925254930206155,5793.5,1.16
UCBxm9WodPjj70GaiKTIRPGg,crypto,472,5684.0,17.466883893351756,5793.5,0.98
UCBxm9WodPjj70GaiKTIRPGg,news,23,5101.0,14.923575200535607,5793.5,0.88
UCBxm9WodPjj70GaiKTIRPGg,education,4,1531.5,5.609422905484815,5793.5,0.26
UCCbv0qixG-cyokxEY3kELtg,education,9,225032.0,784.3414344215155,122116.0,1.84
UCCbv0qixG-cyokxEY3kELtg,indicators,11,135589.0,511.798651568682,122116.0,1.11
UCCbv0qixG-cyokxEY3kELtg,stocks,6,85036.5,388.9988026750778,122116.0,0.7
UCD_hOUSXUXViTvIkbLasfdQ,macro,32,12530.0,36.7169588912334,10187.0,1.23
UCD_hOUSXUXViTvIkbLasfdQ,other,18,12027.5,40.22821612812824,10187.0,1.18
UCD_hOUSXUXViTvIkbLasfdQ,news,6,11643.0,65.7971491331036,10187.0,1.14
UCD_hOUSXUXViTvIkbLasfdQ,gold,489,10106.0,39.86398061577675,10187.0,0.99
UCDmJ0q0ggEZcOh5-3XUVYqQ,macro,17,2616.0,31.2720187885258,1583.0,1.65
UCDmJ0q0ggEZcOh5-3XUVYqQ,education,40,2400.0,36.34640516508787,1583.0,1.52
UCDmJ0q0ggEZcOh5-3XUVYqQ,other,23,1362.0,18.05604032140982,1583.0,0.86
UCDmJ0q0ggEZcOh5-3XUVYqQ,stocks,23,942.0,11.506560433547364,1583.0,0.6
UCEAAzv2OBqxsSczKJ2QZyGQ,gold,32,186683.0,1710.260861602009,139995.0,1.33
UCEAAzv2OBqxsSczKJ2QZyGQ,stocks,99,154451.0,1102.2826276351007,139995.0,1.1
UCEAAzv2OBqxsSczKJ2QZyGQ,other,32,135780.5,987.5283469782213,139995.0,0.97
UCEAAzv2OBqxsSczKJ2QZyGQ,crypto,24,118743.0,619.6562610854476,139995.0,0.85
UCEAAzv2OBqxsSczKJ2QZyGQ,indicators,7,103537.0,881.9753906576867,139995.0,0.74
UCEAAzv2OBqxsSczKJ2QZyGQ,education,26,99465.5,723.840267396783,139995.0,0.71
UCEIWHQnlNkt5oa1AOTdr8eA,stocks,369,2085.0,17.229781058555066,2075.0,1.0
UCFOry4O_FlI2HU5epQnDWPQ,other,45,43007.0,109.31149579400645,38947.5,1.1
UCFOry4O_FlI2HU5epQnDWPQ,education,21,36137.0,175.7715754345236,38947.5,0.93
UCFaJ8JgHaiXBmSzZEGvW5XA,education,6,16323.5,28.992429457840863,10960.5,1.49
UCFaJ8JgHaiXBmSzZEGvW5XA,indicators,4,11973.5,27.771215384958357,10960.5,1.09
UCFaJ8JgHaiXBmSzZEGvW5XA,other,27,11038.0,20.448439477238495,10960.5,1.01
UCFaJ8JgHaiXBmSzZEGvW5XA,stocks,22,9243.5,14.802403325150271,10960.5,0.84
UCIP3QFzSshFMYBSLtHAZvQA,crypto,130,11456.0,30.896887015322,10882.0,1.05
UCIP3QFzSshFMYBSLtHAZvQA,stocks,5,2169.0,5.37011121428623,10882.0,0.2
UCL_v4tC26PvOFytV1_eEVSg,news,20,28760.5,125.56084704434087,24322.0,1.18
UCL_v4tC26PvOFytV1_eEVSg,crypto,16,26498.5,86.00109379909426,24322.0,1.09
UCL_v4tC26PvOFytV1_eEVSg,education,6,25660.5,56.204423711271644,24322.0,1.06
UCL_v4tC26PvOFytV1_eEVSg,stocks,15,25897.0,50.985132248686995,24322.0,1.06
UCL_v4tC26PvOFytV1_eEVSg,macro,15,24322.0,54.167118578078004,24322.0,1.0
UCL_v4tC26PvOFytV1_eEVSg,gold,8,24196.0,65.27594638986804,24322.0,0.99
UCL_v4tC26PvOFytV1_eEVSg,other,8,20015.0,59.17604537760002,24322.0,0.82
UCL_v4tC26PvOFytV1_eEVSg,indicators,5,15147.0,235.02411673965267,24322.0,0.62
UCLe_q9axMaeTbjN0hy1Z9xA,macro,6,1524650.5,11251.762362387755,1427716.0,1.07
UCLe_q9axMaeTbjN0hy1Z9xA,news,5,1433434.0,20158.48543704495,1427716.0,1.0
UCLe_q9axMaeTbjN0hy1Z9xA,other,41,1409897.0,14000.16321206365,1427716.0,0.99
UCNj1mz_ZzBs-8x28Jd_bCEA,stocks,58,6221.0,31.631996053756573,3678.0,1.69
UCNj1mz_ZzBs-8x28Jd_bCEA,education,5,832.0,1.7710908374235481,3678.0,0.23
UCNj1mz_ZzBs-8x28Jd_bCEA,other,7,654.0,1.5313738888428365,3678.0,0.18
UCO3qWot3L3egKYit9x9uWGw,stocks,417,2858.0,7.655776823336463,2852.0,1.0
UCOHxDwCcOzBaLkeTazanwcw,stocks,116,154354.5,370.9464317147839,150511.0,1.03
UCOHxDwCcOzBaLkeTazanwcw,other,29,152457.0,833.7862439970346,150511.0,1.01
UCOHxDwCcOzBaLkeTazanwcw,macro,4,146331.5,708.7978396378677,150511.0,0.97
UCOHxDwCcOzBaLkeTazanwcw,gold,5,122790.0,972.0640910381412,150511.0,0.82
UCOHxDwCcOzBaLkeTazanwcw,crypto,8,95745.0,180.25064009122963,150511.0,0.64
UCP9RPj_BG0vit2TNM7LuRxA,stocks,4,1567645.0,4837.085918308027,261306.0,6.0
UCP9RPj_BG0vit2TNM7LuRxA,other,6,334773.5,2323.120134129377,261306.0,1.28
UCP9RPj_BG0vit2TNM7LuRxA,education,11,261306.0,1603.5865154594815,261306.0,1.0
UCRK5xmIi8kuLUduTE3Ti7lw,news,159,6325.0,137.2882891322768,5671.0,1.12
UCRK5xmIi8kuLUduTE3Ti7lw,gold,19,5339.0,119.22278310645103,5671.0,0.94
UCRK5xmIi8kuLUduTE3Ti7lw,stocks,152,5134.5,97.99409884553546,5671.0,0.91
UCRK5xmIi8kuLUduTE3Ti7lw,macro,7,4340.0,130.1814055481145,5671.0,0.77
UCZ4AMrDcNrfy3X6nsU8-rPg,macro,56,455033.0,1388.674525071133,447264.0,1.02
UCZ4AMrDcNrfy3X6nsU8-rPg,stocks,9,423986.0,1820.14948082711,447264.0,0.95
UCZ4AMrDcNrfy3X6nsU8-rPg,education,5,409291.0,1523.781533365778,447264.0,0.92
UCZmKFfiLAag4Cw612favrSg,gold,7,3504.0,12.938917560031658,2317.0,1.51
UCZmKFfiLAag4Cw612favrSg,stocks,79,2411.0,9.649755665142195,2317.0,1.04
UCZmKFfiLAag4Cw612favrSg,other,8,2172.5,4.7821328927983275,2317.0,0.94
UCZmKFfiLAag4Cw612favrSg,education,7,1324.0,3.3030277666990027,2317.0,0.57
UCZmKFfiLAag4Cw612favrSg,crypto,4,1045.5,3.39335460127866,2317.0,0.45
UC_4JcFVfzl5f5runRldZgtw,other,96,60902.5,162.8459048354834,56189.0,1.08
UC_4JcFVfzl5f5runRldZgtw,education,24,42250.0,126.89752895904125,56189.0,0.75
UCcsVDxIsL0pd6YOksxhEoHA,education,18,33288.5,25.742757058900448,26418.5,1.26
UCcsVDxIsL0pd6YOksxhEoHA,other,13,11089.0,8.288923008720209,26418.5,0.42
UCdhl39fG5MNa9NhHE6LDeKA,other,11,2551.0,9.550633485354771,1738.5,1.47
UCdhl39fG5MNa9NhHE6LDeKA,education,43,1697.0,4.596345724152393,1738.5,0.98
UCgOHoUCzElFju7HgkuHLzfw,indicators,9,187.0,0.504470390463492,102.0,1.83
UCgOHoUCzElFju7HgkuHLzfw,education,17,185.0,0.5464268215561459,102.0,1.81
UCgOHoUCzElFju7HgkuHLzfw,crypto,6,161.0,0.24534832462340606,102.0,1.58
UCgOHoUCzElFju7HgkuHLzfw,stocks,27,120.0,0.3153757986518281,102.0,1.18
UCgOHoUCzElFju7HgkuHLzfw,news,24,107.5,0.24146908398412212,102.0,1.05
UCgOHoUCzElFju7HgkuHLzfw,macro,42,95.0,0.32049510717256857,102.0,0.93
UCgOHoUCzElFju7HgkuHLzfw,gold,47,93.0,0.47825080169013884,102.0,0.91
UCgOHoUCzElFju7HgkuHLzfw,other,52,83.0,0.2527464950052297,102.0,0.81
UCgPEfLdSfqeteBIQjMgJFtA,education,115,4454.0,17.12468846683665,4155.0,1.07
UCgPEfLdSfqeteBIQjMgJFtA,macro,9,4448.0,24.210227219914316,4155.0,1.07
UCgPEfLdSfqeteBIQjMgJFtA,other,13,2636.0,18.08172643446192,4155.0,0.63
UCgPEfLdSfqeteBIQjMgJFtA,gold,15,2566.0,17.943109787273933,4155.0,0.62
UCgPEfLdSfqeteBIQjMgJFtA,news,5,1977.0,7.87832956723513,4155.0,0.48
UCiQpvtOQk1Iz95h9xbIgHsw,education,91,5667.0,15.281546959239428,5125.0,1.11
UCiQpvtOQk1Iz95h9xbIgHsw,crypto,22,5626.5,14.124579256722603,5125.0,1.1
UCiQpvtOQk1Iz95h9xbIgHsw,indicators,37,5578.0,11.74370425893404,5125.0,1.09
UCiQpvtOQk1Iz95h9xbIgHsw,stocks,4,4345.5,13.234201940185038,5125.0,0.85
UCiQpvtOQk1Iz95h9xbIgHsw,news,5,3181.0,12.110403970963784,5125.0,0.62
UCiQpvtOQk1Iz95h9xbIgHsw,other,29,3188.0,19.46259011380761,5125.0,0.62
UCjxK94XQv29_nNirjMoR7bg,gold,421,6134.0,29.02290087377471,5122.0,1.2
UCjxK94XQv29_nNirjMoR7bg,macro,13,4343.0,30.305554429194398,5122.0,0.85
UCjxK94XQv29_nNirjMoR7bg,news,45,1926.0,10.470888550391967,5122.0,0.38
UCjxK94XQv29_nNirjMoR7bg,other,57,1670.0,12.676677079310055,5122.0,0.33
UCkCGANrihzExmu9QiqZpPlQ,other,50,1084111.0,3107.0937177346323,930716.0,1.16
UCkCGANrihzExmu9QiqZpPlQ,stocks,9,1009537.0,3936.942448952467,930716.0,1.08
UCkCGANrihzExmu9QiqZpPlQ,news,13,930678.0,2429.334494722684,930716.0,1.0
UCkCGANrihzExmu9QiqZpPlQ,education,13,848613.0,2505.012050166707,930716.0,0.91
UCkCGANrihzExmu9QiqZpPlQ,macro,11,787466.0,4713.4675197287215,930716.0,0.85
UCpH_qlKdyyjBk4mLAZTEKAA,crypto,19,18305.0,71.72047983028766,16299.0,1.12
UCpH_qlKdyyjBk4mLAZTEKAA,gold,313,16267.0,94.58467960931624,16299.0,1.0
UCqiW-g-FwZ6HJ0fsNHC-Iew,gold,541,3700.0,24.90520884498369,3700.0,1.0
UCqvaXJ1K3HheTPNjH-KpwXQ,macro,11,43652.0,181.58730848720737,32021.0,1.36
UCqvaXJ1K3HheTPNjH-KpwXQ,other,7,36607.0,124.11087705089348,32021.0,1.14
UCqvaXJ1K3HheTPNjH-KpwXQ,crypto,8,27039.5,64.1695372479486,32021.0,0.84
UCqvaXJ1K3HheTPNjH-KpwXQ,education,5,12966.0,140.78783079267203,32021.0,0.4
UCrNfRFWnLC3tCy1TnyhVQ7g,stocks,7,555081.0,3745.8552101984733,339676.5,1.63
UCrNfRFWnLC3tCy1TnyhVQ7g,macro,6,483946.0,7780.070919472582,339676.5,1.42
UCrNfRFWnLC3tCy1TnyhVQ7g,other,4,322456.5,1536.835849204061,339676.5,0.95
UCrNfRFWnLC3tCy1TnyhVQ7g,crypto,5,229961.0,566.5699969476761,339676.5,0.68
UCrTFPf6rq5OUSWb7ILW9trg,news,5,85719.0,143.69712286077882,72089.0,1.19
UCrTFPf6rq5OUSWb7ILW9trg,stocks,279,76235.0,209.64960305389752,72089.0,1.06
UCrTFPf6rq5OUSWb7ILW9trg,education,10,71515.5,158.42759554239228,72089.0,0.99
UCrTFPf6rq5OUSWb7ILW9trg,crypto,7,70736.0,143.48087428586487,72089.0,0.98
UCrTFPf6rq5OUSWb7ILW9trg,macro,7,69302.0,130.0435885866263,72089.0,0.96
UCrTFPf6rq5OUSWb7ILW9trg,other,106,59312.0,114.31141835338931,72089.0,0.82
UCsR-oBB7cabU76oTguE17Qw,other,4,12680.5,35.082140788022244,12047.0,1.05
UCsR-oBB7cabU76oTguE17Qw,crypto,128,11957.0,48.37894216313949,12047.0,0.99
UCsYYksPHiGqXHPoHI-fm5sg,crypto,53,90885.0,55.0366631585839,87593.5,1.04
UCtnJmiK9f4pLWhh61ySbdvQ,macro,25,14994.0,24.115408548951844,9146.0,1.64
UCtnJmiK9f4pLWhh61ySbdvQ,gold,23,10175.0,30.53874824692602,9146.0,1.11
UCtnJmiK9f4pLWhh61ySbdvQ,other,168,8942.5,21.45039333799899,9146.0,0.98
UCvWpf6aN45jIFIifAvBF_aA,other,16,11154.0,46.60080946848059,9777.0,1.14
UCvWpf6aN45jIFIifAvBF_aA,gold,512,9771.0,61.63238007862715,9777.0,1.0
UCvWpf6aN45jIFIifAvBF_aA,crypto,4,9238.5,33.290040126781754,9777.0,0.94
UCw5TLrz3qADabwezTEcOmgQ,stocks,124,24189.5,115.00187547713396,22542.0,1.07
UCw5TLrz3qADabwezTEcOmgQ,education,10,15878.5,73.09397028602409,22542.0,0.7
UCw5TLrz3qADabwezTEcOmgQ,other,6,14282.0,45.40025909409687,22542.0,0.63
UCw5TLrz3qADabwezTEcOmgQ,gold,5,9563.0,30.197589276550126,22542.0,0.42
UCwTu6kD2igaLMpxswtcdxlg,gold,98,70554.5,363.2798153981274,28107.0,2.51
UCwTu6kD2igaLMpxswtcdxlg,news,25,31687.0,129.39599092118138,28107.0,1.13
UCwTu6kD2igaLMpxswtcdxlg,crypto,212,29990.0,70.18856325892762,28107.0,1.07
UCwTu6kD2igaLMpxswtcdxlg,stocks,135,26668.0,64.88696690543506,28107.0,0.95
UCwTu6kD2igaLMpxswtcdxlg,macro,39,21317.0,47.546674772972715,28107.0,0.76
UCwTu6kD2igaLMpxswtcdxlg,other,49,15568.0,36.397369874855485,28107.0,0.55
UCwTu6kD2igaLMpxswtcdxlg,education,14,9042.5,24.936625218964473,28107.0,0.32
UCwTu6kD2igaLMpxswtcdxlg,indicators,5,7240.0,19.260755111098803,28107.0,0.26
UCxH2HgyINJnROn6TgrTzJkw,education,7,257764.0,703.2086837557526,163494.0,1.58
UCxH2HgyINJnROn6TgrTzJkw,other,27,211193.0,555.8943922992955,163494.0,1.29
UCxH2HgyINJnROn6TgrTzJkw,stocks,4,126785.5,377.77447348301916,163494.0,0.78
UCxH2HgyINJnROn6TgrTzJkw,news,6,88278.5,501.1314934163102,163494.0,0.54
