channel_id,title,handle,url,bucket,country,subscriber_count,total_views,public_video_count,videos_collected,videos_mature,first_seen,last_upload,days_since_last_upload,uploads_per_week,uploads_per_month,median_views_all_mature,mean_views_all_mature,median_views_last10,median_views_last30,median_vpd,views_per_sub,n_longform,n_shorts,median_views_longform,median_views_shorts,median_duration_sec_longform,pct_outperform_2x,top10pct_view_share,gini_views,median_engagement_rate,likes_hidden_pct
UCASM0cgfkJxQ1ICmRilfHLw,Patrick Boyle,@pboyle,https://www.youtube.com/@pboyle,C,US,1330000,193838769,479,105,100,2024-09-12,2026-09-05,2,1.02,4.43,693096.0,858386.57,1340846.5,1245296.0,1581.2949295434041,0.5211,100,0,693096.0,,1694.0,0.13,0.253,0.335,0.0324,0.0
UCkCGANrihzExmu9QiqZpPlQ,How Money Works,@howmoneyworks,https://www.youtube.com/@howmoneyworks,D,US,1740000,292286828,323,102,98,2024-09-12,2026-08-27,11,1.0,4.35,930716.0,1093447.857142857,721457.5,753622.5,3242.1343227691887,0.5349,98,0,930716.0,,853.0,0.082,0.212,0.301,0.0263,0.0
UCLe_q9axMaeTbjN0hy1Z9xA,Caleb Hammer,@calebhammer,https://www.youtube.com/@calebhammer,D,US,3710000,4363220813,4786,600,502,2026-03-13,2026-09-06,1,23.73,103.19,1427716.0,1633555.5535714286,258029.5,638835.5,14499.721198938065,0.3848,56,446,1427716.0,1085812.0,5725.5,0.036,0.18,0.193,0.0155,0.0
UCUPrbbdnot-aPgNM65svgOg,Blunt Brothers Productions,@bluntbrothersproductions,https://www.youtube.com/@bluntbrothersproductions,W,US,1580000,511690147,355,145,132,2024-09-14,2026-09-05,2,1.41,6.12,598891.0,849992.3333333334,361095.0,478458.5,1527.5939181133817,0.379,33,99,598891.0,837476.0,543.5,0.242,0.308,0.502,0.0364,0.0
UCZ4AMrDcNrfy3X6nsU8-rPg,Economics Explained,@economicsexplained,https://www.youtube.com/@economicsexplained,F,US,2880000,372345967,446,83,78,2024-09-10,2026-09-06,1,0.8,3.48,447264.0,613369.2266666667,468770.5,406204.0,1427.397539283421,0.1553,75,3,447264.0,33390.0,946.0,0.16,0.283,0.359,0.027,0.0
UC14Fb2zWTEZklONPXFbLrTQ,Primate Economics,@primateeconomics,https://www.youtube.com/@primateeconomics,D,AU,574000,31679520,28,28,27,2025-03-28,2026-08-21,17,0.38,1.67,846685.0,752360.9230769231,273970.5,366282.0,2603.200581643637,1.4751,13,14,846685.0,153173.0,562.0,0.0,0.158,0.357,0.0496,0.0
UCUHW94eEFW7hkUMVaZz4eDg,minutephysics,@minutephysics,https://www.youtube.com/@minutephysics,W,,5980000,593207770,316,60,58,2021-08-18,2026-08-19,19,0.23,1.0,606461.0,1103605.5454545454,361519.0,361519.0,1158.6847603590036,0.1014,44,14,606461.0,227529.5,311.0,0.273,0.411,0.539,0.0466,0.0
UCpExuV8qJMfCaSQNL1YG6bQ,Better Than Yesterday,@betterthanyesterday,https://www.youtube.com/@betterthanyesterday,W,CA,2630000,108913384,105,60,60,2018-12-26,2026-03-12,179,0.16,0.69,334294.0,1257990.4,59608.5,306726.5,164.60338338385793,0.1271,60,0,334294.0,,546.5,0.267,0.668,0.751,0.0461,0.0
UCP9RPj_BG0vit2TNM7LuRxA,Crayon Capital,@crayon_capital,https://www.youtube.com/@crayon_capital,D,,253000,18477547,29,29,27,2025-04-22,2026-08-22,16,0.42,1.81,261306.0,677188.925925926,124811.0,246457.0,1740.0735383978374,1.0328,27,0,261306.0,,806.0,0.296,0.381,0.617,0.0263,0.0
UC1KmNKYC1l0stjctkGswl6g,After Skool,@afterskool,https://www.youtube.com/@afterskool,W,,3780000,284855349,251,60,58,2024-02-20,2026-09-01,6,0.45,1.98,288667.5,533200.3793103448,252754.0,239035.0,881.347198787337,0.0764,58,0,288667.5,,805.5,0.293,0.343,0.501,0.0456,0.0
UCOHxDwCcOzBaLkeTazanwcw,Bravos Research,@bravosresearch,https://www.youtube.com/@bravosresearch,C,AE,641000,86453596,921,277,269,2024-09-07,2026-09-05,2,2.66,11.58,150511.0,247712.38414634147,272189.0,171941.0,388.28565326112385,0.2348,164,105,150511.0,7809.0,454.0,0.146,0.408,0.451,0.0275,0.0
UCfhbydY40P2Lli9HuBz8cdA,SeeKen,@seeken,https://www.youtube.com/@seeken,W,IN,4570000,399824944,830,267,262,2024-09-08,2026-09-06,2,2.57,11.16,140995.5,221792.43670886077,130424.0,160774.0,296.82118715042793,0.0309,158,104,140995.5,19127.5,1330.0,0.215,0.43,0.593,0.0406,0.0
UCxH2HgyINJnROn6TgrTzJkw,How Money Works Uncut,@howmoneyworksuncut,https://www.youtube.com/@howmoneyworksuncut,D,US,117000,13088176,50,50,49,2024-08-31,2026-08-25,13,0.48,2.1,163494.0,264400.71428571426,114992.0,158613.5,554.8239174832848,1.3974,49,0,163494.0,,3885.0,0.224,0.375,0.511,0.0258,0.0
UCEAAzv2OBqxsSczKJ2QZyGQ,Pushkar Raj Thakur: Stock Market Educator 📈,@pushkarrajthakurofficial,https://www.youtube.com/@pushkarrajthakurofficial,C,IN,15300000,1815277264,2795,600,521,2025-12-23,2026-09-07,0,16.34,71.07,139995.0,189419.85585585586,255386.5,158241.0,1053.1134214534718,0.0092,222,299,139995.0,242341.0,921.0,0.158,0.316,0.399,0.0322,0.0
UCXLesGEfmyhxqOjoAqhRwhA,FightMediocrity,@fightmediocrity,https://www.youtube.com/@fightmediocrity,W,US,1850000,123298273,168,60,60,2020-10-04,2022-10-25,1413,0.56,2.43,236664.0,601132.12,102278.0,147710.0,132.5267795222308,0.1279,50,10,236664.0,241004.0,672.0,0.36,0.481,0.628,0.0386,0.0
UC7sXGI8p8PvKosLWagkK9wQ,Heu?reka,@heu7reka,https://www.youtube.com/@heu7reka,F,FR,457000,25605246,138,60,60,2020-03-14,2026-06-23,76,0.18,0.8,162551.5,207558.5,152669.5,138186.5,141.15129598457634,0.3557,60,0,162551.5,,1950.0,0.167,0.262,0.335,0.0429,0.0
UCRCCAnVyzDTcqNYh0pDcq7Q,Finary,@finary,https://www.youtube.com/@finary,F,FR,897000,124231950,959,580,572,2024-09-08,2026-09-06,2,5.58,24.25,178058.5,300439.5594059406,246922.0,136350.5,654.0707080558868,0.1985,202,370,178058.5,31335.0,1354.5,0.272,0.345,0.471,0.0247,0.0
UCurYxozQbvKn-oNUxNJh45Q,GREAT IDEAS GREAT LIFE,@greatideasgreatlifeindia,https://www.youtube.com/@greatideasgreatlifeindia,W,IN,7160000,701449255,726,161,160,2024-09-08,2026-09-06,2,1.55,6.74,188685.0,278981.5164835165,143227.5,133400.0,518.7559211086807,0.0264,91,69,188685.0,139677.0,737.0,0.253,0.316,0.439,0.0386,0.0
UCC552Sd-3nyi_tk2BudLUzA,AsapSCIENCE,@asapscience,https://www.youtube.com/@asapscience,W,,10800000,2074038244,559,74,74,2024-10-03,2026-07-29,40,0.78,3.4,421010.0,760715.16,124081.0,103734.5,1517.48193929583,0.039,25,49,421010.0,71801.0,445.0,0.2,0.389,0.522,0.0388,0.0
UCybBViio_TH_uiFFDJuz5tg,Einzelgänger,@einzelganger,https://www.youtube.com/@einzelganger,W,NL,2390000,252616969,349,60,55,2024-09-05,2026-09-04,3,0.58,2.51,139176.0,155529.23255813954,73022.0,95994.5,477.7528860822912,0.0582,43,12,139176.0,17355.5,1067.0,0.093,0.242,0.325,0.0465,0.0
UChlTcWDE8gd4tsl_L727NrQ,Hasheur,@hasheur,https://www.youtube.com/@hasheur,F,FR,814000,57412356,404,173,169,2024-09-14,2026-09-03,4,1.68,7.32,125383.0,143659.24210526317,114000.5,88319.0,374.81223337015405,0.154,95,74,125383.0,59441.0,980.0,0.116,0.231,0.307,0.0481,0.0
UCwTu6kD2igaLMpxswtcdxlg,Gareth Soloway,@garethsolowayprotrader,https://www.youtube.com/@garethsolowayprotrader,C,US,294000,49265327,1838,600,582,2025-04-07,2026-09-06,1,8.14,35.4,28107.0,41286.213171577125,139267.0,81758.5,70.82254792547292,0.0956,577,5,28107.0,5318.0,761.0,0.282,0.264,0.415,0.0626,0.0
UCayjG0TS9IvWgWOiJSjukTw,Rishi Draws,@rishidraws,https://www.youtube.com/@rishidraws,W,US,1100000,284887080,190,60,60,2022-12-30,2025-11-14,297,0.4,1.74,152730.0,824235.9166666666,65542.5,78959.0,149.5438354523796,0.1388,2,58,48441.0,171022.5,478.0,0.333,0.645,0.752,0.0705,0.0
UCCbv0qixG-cyokxEY3kELtg,TradingLab,@tradinglabofficial,https://www.youtube.com/@tradinglabofficial,C,US,2030000,176601490,236,69,66,2024-09-10,2026-08-26,12,0.68,2.94,122116.0,284033.7586206897,68696.5,77463.5,524.5307877640496,0.0602,29,37,122116.0,324248.0,569.0,0.31,0.388,0.606,0.0399,0.0
UCeLe9gr7c9CsAtFusECY18g,ToonStarterz Doodles,@toonstarterzdoodles,https://www.youtube.com/@toonstarterzdoodles,W,US,79200,10064760,96,60,59,2021-09-28,2026-08-29,9,0.23,1.02,53603.0,139763.18644067796,41535.0,62520.5,83.02206835063033,0.6768,59,0,53603.0,,739.5,0.322,0.542,0.681,0.0529,0.0
UCly58gB7268VKzsH4zlMMvQ,Siebert Science,@siebertscience,https://www.youtube.com/@siebertscience,W,US,481000,24339237,163,60,58,2021-11-04,2026-09-07,0,0.24,1.03,96392.0,196978.32653061225,52409.5,60139.5,158.58192365228572,0.2004,49,9,96392.0,17133.0,1081.0,0.327,0.396,0.643,0.0263,0.0
UC2y5U9wW2-Ny1nWS2jFPlzA,السهم الممتنع,@alsahm,https://www.youtube.com/@alsahm,B,SA,301000,13125186,81,60,60,2022-06-11,2026-03-05,186,0.31,1.34,64025.0,120781.79661016949,49564.5,52509.5,74.51787486872273,0.2127,59,1,64025.0,71169.0,1132.0,0.271,0.359,0.492,0.0406,0.0
UCrTFPf6rq5OUSWb7ILW9trg,Chris Sain,@chrissain1,https://www.youtube.com/@chrissain1,C,US,1110000,113341062,2581,521,513,2024-09-07,2026-08-31,8,5.05,21.97,72089.0,85218.2829736211,44952.0,51107.0,161.75061595477445,0.0649,417,96,72089.0,30134.5,712.0,0.07,0.282,0.328,0.078,0.0
UC_4JcFVfzl5f5runRldZgtw,الأستاذ قنشوبة,@guenchouba,https://www.youtube.com/@guenchouba,A,DZ,1100000,59219423,662,248,248,2024-10-03,2026-08-02,36,2.6,11.32,56189.0,86793.55737704918,31129.0,46283.0,159.287201991308,0.0511,122,126,56189.0,20926.0,770.5,0.23,0.362,0.495,0.0664,0.0
UC0ep2A36j7gTFdqW2Yvngbg,Tori Trades,@toritrades,https://www.youtube.com/@toritrades,C,US,691000,107481810,1347,600,598,2025-03-16,2026-09-06,2,7.81,33.95,134455.5,213280.91666666666,69780.5,42075.0,507.7344450353047,0.1946,48,550,134455.5,41028.5,818.5,0.188,0.338,0.455,0.041,0.0
UCCAmVExQtgxzbIJJJoVA5Sw,Singe Explique,@singeexplique,https://www.youtube.com/@singeexplique,F,FR,33400,3044861,60,60,56,2025-07-06,2026-08-20,18,1.03,4.47,35557.5,61917.375,45117.0,37984.0,199.6669379419144,1.0646,8,48,35557.5,42104.0,271.0,0.25,0.391,0.378,0.0613,0.0
UCRI6t05DNVlV0XhdI7hx_iw,One Percent Better,@onepercentbetter,https://www.youtube.com/@onepercentbetter,W,AU,713000,24545092,150,60,60,2018-01-13,2023-09-22,1081,0.2,0.88,14301.0,141912.64406779662,24843.0,37524.5,8.241811771224533,0.0201,59,1,14301.0,35521.0,1118.0,0.373,0.716,0.844,0.021,0.02
UC-luaBAGSqZ---25Wifnnhg,LuxAlgo,@luxalgo,https://www.youtube.com/@luxalgo,C,AR,727000,72650037,889,347,334,2024-09-07,2026-09-04,3,3.34,14.53,22891.0,31767.67515923567,35642.0,35053.0,82.26459145509354,0.0315,157,177,22891.0,29617.0,377.0,0.229,0.324,0.499,0.0263,0.0
UCsYYksPHiGqXHPoHI-fm5sg,Whiteboard Crypto,@whiteboardcrypto,https://www.youtube.com/@whiteboardcrypto,W,US,1020000,34165661,152,60,60,2021-11-07,2025-05-19,476,0.33,1.42,87595.0,129853.3275862069,18834.5,31818.0,54.06939433866936,0.0859,58,2,87595.0,43079.5,640.5,0.207,0.376,0.55,0.0393,0.0
UCFOry4O_FlI2HU5epQnDWPQ,الاستاذ ربيع الفتياني ثقافة مالية ورياضيات الأعمال,@rabee_alfetyani,https://www.youtube.com/@rabee_alfetyani,A,JO,145000,8838629,207,111,104,2024-09-18,2026-09-03,4,1.09,4.73,38947.5,43364.393939393936,32801.0,30010.0,116.73404531635059,0.2686,66,38,38947.5,15556.5,1260.0,0.106,0.237,0.369,0.0611,0.0
UCcsVDxIsL0pd6YOksxhEoHA,moneytalks_info,@moneytalks_info3664,https://www.youtube.com/@moneytalks_info3664,A,,28300,1481620,46,46,46,2022-03-23,2023-12-17,995,0.51,2.21,26418.5,35050.21875,21789.0,28680.5,20.828891245724847,0.9335,32,14,26418.5,10709.5,290.5,0.188,0.302,0.437,0.0249,0.0
UCw5TLrz3qADabwezTEcOmgQ,Groww,@groww,https://www.youtube.com/@groww,C,IN,2470000,248471365,3285,600,561,2025-05-27,2026-09-06,1,9.01,39.19,22542.0,27133.185430463574,31151.0,25168.0,108.20846136110413,0.0091,151,410,22542.0,30759.0,811.0,0.172,0.263,0.386,0.0338,0.0
UCrNfRFWnLC3tCy1TnyhVQ7g,Casual Finance,@casuallyfinance,https://www.youtube.com/@casuallyfinance,D,US,361000,18009416,186,186,157,2025-07-28,2026-09-06,1,3.21,13.98,339676.5,474305.53846153844,22726.5,23460.5,2020.2696739115104,0.9409,26,131,339676.5,21184.0,608.0,0.192,0.303,0.497,0.0389,0.0
UCE2GdTW2WVCHZnqHF5otvgQ,HealthSketch,@healthsketch,https://www.youtube.com/@healthsketch,W,GB,128000,12789160,44,44,44,2015-05-15,2024-10-29,678,0.09,0.39,182262.0,485260.1304347826,9915.5,22393.5,78.86807367456025,1.4239,23,21,182262.0,14077.0,295.0,0.348,0.52,0.646,0.0117,0.0
UCBIt1VN5j37PVM8LLSuTTlw,Improvement Pill,@improvementpill,https://www.youtube.com/@improvementpill,W,US,3770000,227869210,356,60,59,2023-11-22,2026-08-31,7,0.42,1.8,25457.0,75315.01694915254,17438.5,21496.5,41.051484082645295,0.0068,59,0,25457.0,,488.0,0.085,0.687,0.69,0.0413,0.0
UCa3MpL0UCLuc08oj5kIATUg,theflippist,@theflippist,https://www.youtube.com/@theflippist,W,,995000,466251710,311,60,60,2019-11-12,2026-06-11,88,0.17,0.76,77786.5,73420.25,16985.5,21442.5,33.83965888288945,0.0782,8,52,77786.5,38834.0,216.5,0.0,0.207,0.285,0.0203,0.0
UCL_v4tC26PvOFytV1_eEVSg,Marko - WhiteBoard Finance,@whiteboardfinance,https://www.youtube.com/@whiteboardfinance,W,US,1030000,69726050,425,112,111,2024-09-26,2026-08-17,21,1.14,4.95,24323.0,34801.55913978495,13946.0,20134.5,72.4397595337302,0.0236,93,18,24323.0,5064.0,876.0,0.161,0.342,0.417,0.0476,0.0
UC-RKpEc4eE9PwJaupN91xYQ,Sprouts,@sprouts,https://www.youtube.com/@sprouts,W,US,1940000,171736775,230,60,60,2024-05-13,2026-07-20,49,0.53,2.29,33778.5,88577.64285714286,15048.5,16413.0,75.80957794392872,0.0174,28,32,33778.5,11403.5,272.0,0.214,0.466,0.649,0.0364,0.0
UC5YKivGUTTQmhSuaXbxfZSg,Proactive Thinker,@proactivethinker,https://www.youtube.com/@proactivethinker,W,US,1160000,86582421,868,519,419,2024-09-10,2026-09-07,0,5.0,21.76,12846.5,22511.67105263158,14696.0,15909.0,54.9644753947631,0.0111,304,115,12846.5,19819.0,950.0,0.24,0.413,0.527,0.0345,0.0
UCCMkQlTXghwaB0hohPrEACA,Crésus,@cresusinvestissement,https://www.youtube.com/@cresusinvestissement,F,FR,92900,8349942,188,133,129,2024-09-10,2026-08-30,8,1.29,5.63,10905.0,46597.72093023256,15657.5,15105.5,27.91159392376604,0.1174,129,0,10905.0,,4489.0,0.271,0.67,0.734,0.029,0.0
UCqvaXJ1K3HheTPNjH-KpwXQ,Principles by Ray Dalio,@principlesbyraydalio,https://www.youtube.com/@principlesbyraydalio,D,,3180000,1209215043,645,233,230,2024-09-11,2026-09-02,5,2.27,9.85,32021.0,66769.72972972973,20239.5,15098.5,139.3022678082461,0.0101,37,193,32021.0,35372.0,278.0,0.351,0.362,0.53,0.026,0.0
UC7AoMESkPXV_Bqr0I8dbzrw,اقتصاد ببساطة -ابراهيم الشربينى -aiqtisad bibasata,@ibrahimalsherbiny76,https://www.youtube.com/@ibrahimalsherbiny76,A,,49000,6698745,560,343,334,2024-09-08,2026-09-01,6,3.32,14.44,14059.0,17711.625899280574,12617.0,13235.5,46.79492243265037,0.2869,139,195,14059.0,11102.0,585.0,0.144,0.256,0.364,0.0678,0.09
UCFaJ8JgHaiXBmSzZEGvW5XA,إسماعيل الشكري,@shukriim,https://www.youtube.com/@shukriim,B,SA,151000,14266243,1065,60,60,2024-07-14,2025-08-23,380,1.04,4.51,10960.5,11948.066666666668,11735.5,13075.0,19.72260410717417,0.0726,60,0,10960.5,,1711.0,0.083,0.218,0.304,0.0231,0.0
UCtnJmiK9f4pLWhh61ySbdvQ,ِAhmed Abdrabo - أحمد عبدربه,@aabdrabo,https://www.youtube.com/@aabdrabo,A,EG,53000,8229705,866,294,275,2024-09-07,2026-09-05,2,2.83,12.31,9216.5,11177.67117117117,14309.0,13036.5,23.408200900531757,0.1739,222,53,9216.5,2598.0,1425.0,0.144,0.279,0.402,0.0391,0.0
UCRK5xmIi8kuLUduTE3Ti7lw,Share Market Analysis,@sharemarketanalysis,https://www.youtube.com/@sharemarketanalysis,C,IN,331000,127083720,16253,600,343,2026-06-29,2026-09-07,0,60.87,264.7,5671.0,6422.7434402332365,6332.5,11911.0,117.22119992459888,0.0171,343,0,5671.0,,358.0,0.082,0.209,0.273,0.0467,0.0
UCpH_qlKdyyjBk4mLAZTEKAA,اقتصاد موازي,@actsadmowzee,https://www.youtube.com/@actsadmowzee,B,EG,115000,27506097,1734,600,554,2025-10-10,2026-09-06,1,12.69,55.18,16285.5,18111.14285714286,14251.0,11843.0,92.46658425335872,0.1416,336,218,16285.5,8881.0,548.0,0.092,0.223,0.315,0.0543,0.0
UCIALMKvObZNtJ6AmdCLP7Lg,Bloomberg Television,@markets,https://www.youtube.com/@markets,C,US,3270000,1466998372,97310,600,0,2026-08-23,2026-09-07,0,280.0,1217.6,,,17482.0,10393.0,,,0,0,,,,,,,,
UC5kh_CumIL_usjg3pW5J9Qw,Crypto Le Trone,@cryptoletrone,https://www.youtube.com/@cryptoletrone,F,AE,174000,45443710,4279,600,508,2026-02-23,2026-09-07,0,21.43,93.18,8981.5,9069.515789473684,11739.5,10205.0,76.0571210309898,0.0516,380,128,8981.5,6877.5,699.5,0.021,0.182,0.247,0.079,0.0
UCvWpf6aN45jIFIifAvBF_aA,سبائك الذهب ..كريم الزينى,@user-karim1984,https://www.youtube.com/@user-karim1984,B,,60300,16473481,2318,600,537,2025-11-14,2026-09-07,1,14.19,61.7,9773.0,10031.22346368715,9931.5,10190.5,60.76842214944607,0.1621,537,0,9773.0,,942.0,0.011,0.164,0.187,0.089,0.0
UCjKvFMbYVKOnBDarCtXfEww,Matthieu Louvet - S'investir,@matthieulouvet,https://www.youtube.com/@matthieulouvet,F,FR,425000,42150079,1125,600,551,2025-07-24,2026-09-07,0,10.27,44.66,73794.5,142402.16326530612,5572.0,10127.5,404.5819525682693,0.1736,98,453,73794.5,6919.0,1538.5,0.286,0.403,0.555,0.0245,0.0
UCsR-oBB7cabU76oTguE17Qw,EA Trading,@eatrading,https://www.youtube.com/@eatrading,B,AE,524000,23564380,335,149,145,2024-09-26,2026-09-04,3,1.48,6.42,12047.0,25103.63703703704,9442.5,9778.0,48.31065046894524,0.023,135,10,12047.0,37084.0,662.0,0.074,0.553,0.555,0.0559,0.0
UCHj7vxqgE8NSpuwjM19LAsg,L'Économie Expliquée,@economie-expliquee,https://www.youtube.com/@economie-expliquee,F,FR,59500,5150426,135,60,60,2024-04-14,2026-04-26,135,0.57,2.46,14270.5,26928.666666666668,6004.0,8660.5,30.18813495355723,0.2398,60,0,14270.5,,1070.0,0.267,0.391,0.539,0.0309,0.0
UCD_hOUSXUXViTvIkbLasfdQ,اخبار البنوك,@اخبارالبنوك,https://www.youtube.com/@اخبارالبنوك,B,EG,141000,52962644,4300,600,567,2025-04-26,2026-09-06,1,8.45,36.75,10187.0,11391.502732240437,10076.5,8635.0,39.60431637680161,0.0722,549,18,10187.0,5649.5,1867.0,0.04,0.208,0.226,0.0647,0.0
UCtYzVCmNxrshH4_bPO_-Y-A,The Art of Improvement,@theartofimprovement,https://www.youtube.com/@theartofimprovement,W,GB,1100000,66867285,372,60,58,2024-06-23,2026-08-30,8,0.53,2.29,13283.5,15724.758620689656,6862.0,8508.0,38.793049693087525,0.0121,58,0,13283.5,,585.5,0.155,0.213,0.338,0.0434,0.0
UCIP3QFzSshFMYBSLtHAZvQA,وليد مغربي,@walidmograbi,https://www.youtube.com/@walidmograbi,B,RO,153000,12512043,899,338,336,2024-09-07,2026-08-23,15,3.31,14.39,10882.0,12296.239436619719,8340.5,7793.0,29.88268005947049,0.0711,142,194,10882.0,2688.0,1074.5,0.063,0.205,0.254,0.059,0.0
UCnyrbg0-3GvZyqDSUqVXo2Q,Sticko Explains,@stickoexplains,https://www.youtube.com/@stickoexplains,W,US,130000,11103306,125,128,119,2025-06-29,2026-09-06,1,2.07,9.0,23888.0,93013.93277310925,7391.5,6737.5,125.09970385478202,0.1838,119,0,23888.0,,741.0,0.328,0.603,0.737,0.0433,0.0
UCngIhBkikUe6e7tZTjpKK7Q,More Crypto Online,@morecryptoonline,https://www.youtube.com/@morecryptoonline,F,GB,325000,82548341,27220,600,409,2026-06-13,2026-09-07,1,48.84,212.37,6915.0,7059.022900763359,6279.5,6127.5,122.20870323297875,0.0213,131,278,6915.0,772.5,531.0,0.023,0.19,0.262,0.0545,0.0
UCPNoCO-IKY1PIQZCUqf4OfA,Draw The Life TikTak,@drawthelifetiktak,https://www.youtube.com/@drawthelifetiktak,W,ES,1450000,363703119,1167,136,134,2024-09-08,2026-08-29,9,1.32,5.75,7919.5,15034.78,3701.0,4702.5,26.299029692474065,0.0055,100,34,7919.5,8083.5,314.5,0.25,0.401,0.494,0.0298,0.0
UCjxK94XQv29_nNirjMoR7bg,الخبير المالي,@mohamedkhairuldin,https://www.youtube.com/@mohamedkhairuldin,B,EG,162000,21588726,1452,600,565,2025-07-25,2026-09-06,1,10.29,44.76,5122.0,6075.602587800369,5320.5,4484.0,23.532766055557328,0.0316,541,24,5122.0,2087.5,605.0,0.159,0.267,0.397,0.0418,0.0
UCO3qWot3L3egKYit9x9uWGw,البورصة للمبتدئين,@borsa-for-beginners,https://www.youtube.com/@borsa-for-beginners,A,EG,28800,1979604,654,521,504,2024-09-07,2026-09-05,2,5.01,21.78,2855.0,3281.192857142857,7444.5,4434.0,7.626964303140564,0.0991,420,84,2855.0,3231.5,612.0,0.04,0.259,0.284,0.079,0.0
UCNj1mz_ZzBs-8x28Jd_bCEA,The Financial Explainer ,@financial_explainer,https://www.youtube.com/@financial_explainer,D,,22000,2054926,99,81,76,2024-09-21,2026-09-05,2,0.79,3.45,3678.0,26221.17105263158,4028.5,4231.0,22.582571485577933,0.1672,76,0,3678.0,,856.5,0.368,0.784,0.851,0.027,0.0
UCqiW-g-FwZ6HJ0fsNHC-Iew,مـــؤشــرات  الاقتصـــاد 🧽  💲,@mostafaosama0,https://www.youtube.com/@mostafaosama0,A,EG,61000,9204949,2024,600,541,2025-10-28,2026-09-07,1,13.38,58.17,3700.0,4573.541589648798,3206.5,3925.5,24.798616068478808,0.0607,541,0,3700.0,,518.0,0.131,0.248,0.308,0.0513,0.0
UC-08FfiuOa8Swp8NQX_lrRw,مستثمر العملة الرقمية بيتكوين,@مستثمرالعملةالرقميةبيتكوين,https://www.youtube.com/@مستثمرالعملةالرقميةبيتكوين,B,GB,101000,19381419,4435,600,553,2025-09-26,2026-09-07,0,12.17,52.94,2837.0,3063.980879541109,3412.0,3229.0,14.652245003373638,0.0281,523,30,2837.0,6868.5,3418.0,0.019,0.181,0.196,0.0736,0.0
UCF09Jbsxb7x6lJ5imkapHNA,Julien Roman | Finance & Investissement,@julienroman,https://www.youtube.com/@julienroman,F,US,470000,45699373,1863,600,507,2026-03-16,2026-09-07,0,24.0,104.37,13770.0,21934.233333333334,2648.0,3064.5,113.54902337538003,0.0293,30,477,13770.0,3776.0,992.5,0.133,0.438,0.513,0.0385,0.0
UCBxm9WodPjj70GaiKTIRPGg,Mohamed Shamseddine ,@mohamedshamseddine,https://www.youtube.com/@mohamedshamseddine,B,CA,35100,7244629,2000,600,570,2025-01-18,2026-09-07,0,7.05,30.64,5792.0,5189.215929203539,3639.5,2952.0,16.935001901962767,0.165,565,5,5792.0,4196.0,958.0,0.0,0.165,0.25,0.1131,0.0
UCgPEfLdSfqeteBIQjMgJFtA,Ahmed Fahim . أحمد فهيم,@ahmedfahim2709,https://www.youtube.com/@ahmedfahim2709,A,EG,22100,2000022,608,576,545,2024-09-09,2026-09-06,1,5.55,24.12,4128.0,5059.378881987577,3979.0,2903.0,17.09441503046921,0.1868,161,384,4128.0,2120.5,2059.0,0.161,0.251,0.369,0.0578,0.0
UCiQpvtOQk1Iz95h9xbIgHsw,Mekawi's Finance,@imekawii,https://www.youtube.com/@imekawii,B,AE,319000,46592574,672,338,328,2024-09-09,2026-09-04,3,3.27,14.21,5125.0,8827.099476439791,1971.5,2418.5,14.848846550805566,0.0161,191,137,5125.0,6544.0,506.0,0.168,0.457,0.525,0.0553,0.0
UC72h7j1uru3iopWJkaR958g,Max Options Trading,@maxoptionstrading,https://www.youtube.com/@maxoptionstrading,C,US,183000,40997453,2976,600,448,2026-04-24,2026-09-07,0,31.11,135.29,1626.5,2782.2115384615386,0.0,1931.5,24.83902280880624,0.0089,260,188,1626.5,11930.0,6583.0,0.254,0.363,0.422,0.0792,0.0
UCZmKFfiLAag4Cw612favrSg,  GroWise |  الاستثمار مع مصطفى خليل ,@moustafakhalil-s8u,https://www.youtube.com/@moustafakhalil-s8u,A,AE,20700,1147834,417,418,405,2024-12-17,2026-09-05,2,4.67,20.33,2317.0,5374.154545454546,2660.5,1742.0,8.670594669264776,0.1119,110,295,2317.0,1189.0,645.0,0.3,0.491,0.62,0.0354,0.0
UCDmJ0q0ggEZcOh5-3XUVYqQ,Andy Explains Money,@andyexplainsmoney,https://www.youtube.com/@andyexplainsmoney,D,US,20800,1474472,109,109,109,2026-04-11,2026-08-07,31,6.52,28.36,1583.0,13556.660550458715,1310.5,1259.5,24.03644868167916,0.0761,109,0,1583.0,,1484.0,0.303,0.785,0.83,0.0392,0.0
UCdL0Zdq18Wrtx5yRLFgiwDA,Wealthboard ,@wealthxboard,https://www.youtube.com/@wealthxboard,W,,106000,15153686,339,339,336,2025-09-02,2026-08-24,14,6.67,28.99,1077.0,2554.4691358024693,2770.5,986.5,9.092410505057668,0.0102,162,174,1077.0,2651.5,3639.0,0.29,0.472,0.585,0.0645,0.25
UCAsdYT8gu1MS2pPr48ZLcvA,أكاديمية فؤاد الحربي ,@fuadacademy,https://www.youtube.com/@fuadacademy,A,SA,67900,4414409,290,160,154,2024-09-12,2026-09-05,2,1.55,6.75,2252.0,3983.955223880597,787.5,812.5,9.559832296981355,0.0332,134,20,2252.0,3698.0,727.5,0.306,0.323,0.501,0.0518,0.0
UCdhl39fG5MNa9NhHE6LDeKA,همّة,@himma01,https://www.youtube.com/@himma01,A,DZ,26700,3286843,165,162,162,2025-07-25,2026-07-10,59,3.25,14.13,1738.5,57118.62962962963,504.0,673.0,4.70143387113076,0.0651,54,108,1738.5,1368.5,1428.5,0.315,0.944,0.938,0.0148,0.0
UCgOHoUCzElFju7HgkuHLzfw,evest,@evest,https://www.youtube.com/@evest,A,SA,124000,129789654,1370,465,441,2024-09-10,2026-09-07,0,4.48,19.5,102.0,8157.075892857143,222.5,158.5,0.3280265956378682,0.0008,224,217,102.0,485.0,633.0,0.161,0.988,0.973,0.0451,0.0
UCEIWHQnlNkt5oa1AOTdr8eA,مركاز الأسهم Merkaz Stocks,@almerkaz,https://www.youtube.com/@almerkaz,B,SA,120000,19205617,6216,600,380,2025-12-15,2026-09-07,0,15.79,68.66,2069.5,3165.559139784946,1314.5,0.0,16.901914538511058,0.0172,372,8,2069.5,329.5,22782.5,0.411,0.22,0.407,0.0341,0.0
