channel_id,title,handle,channel_url,description,country,default_language,published_at,subscriber_count,hidden_subs,view_count,video_count,uploads_playlist,topic_categories,thumbnail_url,bucket,collected_at,evidence_file
UCNj1mz_ZzBs-8x28Jd_bCEA,The Financial Explainer ,@financial_explainer,https://www.youtube.com/@financial_explainer,"Sharing stuff that works to help you grow and achieve financial freedom. 

In this channel, the financial explainer we create engaging whiteboard animation videos that break down and provide life changing solutions to complex topics like investing, personal development, and personal finance. Every video is researched, written, narrated, and animated so you can be sure you're getting original and high-quality content.

If you're interested in how to invest,
how to make more passive income and other personal finance, this channel got you covered.

Videos shared on this channel are purely for educational and entertainment purposes.

For collaborations and brand sponsors, contact: 
thefinancialexplainer@gmail.com",,,2023-07-30T09:05:02.410564Z,22000,0,2054926,99,UUNj1mz_ZzBs-8x28Jd_bCEA,"[""https://en.wikipedia.org/wiki/Society"", ""https://en.wikipedia.org/wiki/Knowledge""]",https://yt3.ggpht.com/nrvZDSZKr6XvfmTX3gu4kY25lGUKGb_5JZr1DIgC0Q9vG4p6ju1bsIjcsSyW9jQiQv-b3sKLWmY=s800-c-k-c0x00ffffff-no-rj,D,2026-09-07T14:24:23Z,evidence/raw_api/channels_20260907T142421_72e45ea66563fae1.json
UCvWpf6aN45jIFIifAvBF_aA,سبائك الذهب ..كريم الزينى,@user-karim1984,https://www.youtube.com/@user-karim1984, قناة إرشادية للأدخار فى الذهب والفضة وليست منصة للبيع والشراء ولا توجه بعلامة تجارية معينة ✨️ بجانب معرفة اهم أخبار تحركات الذهب والفضة والعوامل والأخبار الاقتصادية المؤثرة فى الأسعار .. ,,,2021-11-14T17:54:03.870264Z,60300,0,16473481,2318,UUvWpf6aN45jIFIifAvBF_aA,"[""https://en.wikipedia.org/wiki/Knowledge""]",https://yt3.ggpht.com/7TUWO4LQ8W0rlNFtnsGaZMlnl9tuHCcCjnMVBXSeCJQacGEsZT0DACgWrJWF4RmGtU2xDtLeOA=s800-c-k-c0x00ffffff-no-rj,B,2026-09-07T14:24:24Z,evidence/raw_api/channels_20260907T142421_72e45ea66563fae1.json
UC72h7j1uru3iopWJkaR958g,Max Options Trading,@maxoptionstrading,https://www.youtube.com/@maxoptionstrading,"From the mind of BIG DADDY MAX -- Welcome to the most entertaining trading community on YouTube. 

Trading is the most stressful job on the planet, and we know that while you're learning, you need a squad that's keeping your spirits up, helping you through the chop and telling the doubters and haters to sit down and shut their mouths.

Check out our shows, from the early-morning chaos on The Big Daddy Morning Show, to unfiltered interviews on Traders and Haters and the most valuable free trading education on the internet.  If you want the quickest path to profitability, you're in the right place.

We're not gonna blow smoke up anybody's ass, we're gonna tell it like it is, raw, unfiltered with no fluff.  We trade live every day in front of thousands of trades in our 100& Free Discord.   Watch our shows, join the audience, grow yourself to financial freedom.",US,,2020-10-01T17:30:34.06621Z,183000,0,40997453,2976,UU72h7j1uru3iopWJkaR958g,"[""https://en.wikipedia.org/wiki/Knowledge""]",https://yt3.ggpht.com/x1cj7NZjix8xjBRWcv0IjfqUdrl-RqbzKiadq4_hH00kIJoMhMDgiyMuDoG7ka7S1OPCS-bp79Q=s800-c-k-c0x00ffffff-no-rj,C,2026-09-07T14:24:31Z,evidence/raw_api/channels_20260907T142421_72e45ea66563fae1.json
UC2y5U9wW2-Ny1nWS2jFPlzA,السهم الممتنع,@alsahm,https://www.youtube.com/@alsahm,"

 القناة موجهة للمتداول العربي نطرح فيها شروحات مبسطة  تعليمية ومعلومات مفيدة يصعب ايجادها في مكان آخر وشرح لأهم المؤشرات و التحليل الفني و استراتيجيات مجربة وتقنيات التداول والتعامل مع اسواق المال , لانقدم 
أي توصيات أو تحليلات لكننا نقدم معلومات وطرق تحسن من أداء المتداول بشكل كبير ,طبعا كل الاشياء الي انزلها بكون مجربها ومتأكد من فعاليتها
سواء كنت في الأسهم أو الفوركس أو الكريبتو بتحصل الفرق هنا
(جميع المعلومات المعروضة في قناة السهم الممتنع هي لغرض تعليمي وليست توصية للبيع أو الشراء أو الاحتفاظ بأي ورقة مالية,القرار قرارك)
حيا الله الجميع 

",SA,,2022-02-12T17:00:38.246888Z,301000,0,13125186,81,UU2y5U9wW2-Ny1nWS2jFPlzA,"[""https://en.wikipedia.org/wiki/Knowledge""]",https://yt3.ggpht.com/XWgYOEHeaMRiMffhSOuiSaXZXVcpPpEuJDN_nc2BhUasW6DGbCZqrSU-dzW3f0KDSeq6tzgi=s800-c-k-c0x00ffffff-no-rj,B,2026-09-07T14:24:37Z,evidence/raw_api/channels_20260907T142421_72e45ea66563fae1.json
UC-luaBAGSqZ---25Wifnnhg,LuxAlgo,@luxalgo,https://www.youtube.com/@luxalgo,"AI for trading strategies & market insights.

Quant, the AI that turns natural language into working strategies. Backtesting that ends the guesswork. Real-time alerts that execute with machine discipline. All powered by the LuxAlgo Algorithmic Library.",AR,,2020-05-11T15:19:37.482219Z,727000,0,72650037,889,UU-luaBAGSqZ---25Wifnnhg,"[""https://en.wikipedia.org/wiki/Technology"", ""https://en.wikipedia.org/wiki/Knowledge"", ""https://en.wikipedia.org/wiki/Lifestyle_(sociology)""]",https://yt3.ggpht.com/cC6kKPhmv-fhaM8evdisSsI_DtTYearRULHNghNyYcBB0sTwF9zkXHlGc9mtL9QN9ngE_rfKSA=s800-c-k-c0x00ffffff-no-rj,C,2026-09-07T14:24:38Z,evidence/raw_api/channels_20260907T142421_72e45ea66563fae1.json
UCgOHoUCzElFju7HgkuHLzfw,evest,@evest,https://www.youtube.com/@evest,"مرحبًا بكم في قناة Evest الرسمية على يوتيوب! نقدم لكم محتوى تعليمي وتحليلي شامل حول التداول والاستثمار في الأسواق المالية، بما في ذلك الفوركس، والأسهم، والسلع، والعقود مقابل الفروقات. سواء كنت مبتدئًا تبحث عن تعلم أساسيات التداول أو متداولًا محترفًا يسعى للحصول على رؤى وأفكار متقدمة، فستجد هنا كل ما تحتاجه.

تابعوا فيديوهاتنا للحصول على التحليلات الفنية والأساسية، النصائح والاستراتيجيات الاستثمارية، وأحدث الأخبار المالية التي ستساعدكم على اتخاذ قرارات استثمارية مستنيرة. هدفنا هو بناء مجتمع نشط من المتداولين والمستثمرين وتزويدهم بالأدوات والمعلومات اللازمة للنجاح في عالم التداول.

اشتركوا في القناة وفعلوا جرس التنبيهات للبقاء على اطلاع دائم بجديد محتوانا ولا تفوتوا أي فرصة لتطوير مهاراتكم وتحقيق أهدافكم المالية مع Evest!


",SA,en,2020-12-10T09:22:37.086149Z,124000,0,129789654,1370,UUgOHoUCzElFju7HgkuHLzfw,"[""https://en.wikipedia.org/wiki/Knowledge"", ""https://en.wikipedia.org/wiki/Society""]",https://yt3.ggpht.com/QXuUkpQEv-WW_VX4XH7c21KwOEpH9TBpbwDiuW3O1JtJGM3hyabTGNOZVqLZvgfZ2nzMGAkk5w=s800-c-k-c0x00ffffff-no-rj,A,2026-09-07T14:24:44Z,evidence/raw_api/channels_20260907T142421_72e45ea66563fae1.json
UCAsdYT8gu1MS2pPr48ZLcvA,أكاديمية فؤاد الحربي ,@fuadacademy,https://www.youtube.com/@fuadacademy,"اضغط هنا لطلب دورة الأسهم للمبتدئين
https://fuadacademy.com/ExbqVG
للتواصل واتساب +966556427283

حساباتي الرسميه ولا امتلك غيرها في اي منصه ثانيه 

الموقع الالكتروني https://fuadacademy.com
 
تويتر @FUAD7333
 
يوتيوب @FuadAcademy أكاديمية فؤاد الحربي

تيك توك @fuad8k 

حساباتي الرسميه ولا امتلك غيرها في اي منصه ثانيه
تحذير: لاتوجد لدي اي قناة في التليجرام 
",SA,,2021-09-23T09:47:23.753733Z,67900,0,4414409,290,UUAsdYT8gu1MS2pPr48ZLcvA,"[""https://en.wikipedia.org/wiki/Knowledge""]",https://yt3.ggpht.com/310eK2U9lwzwKMrFoqbhrY10HS7IFEFvk9RneUYgldqpJKV6PrZK-RLAC7_kZiggMOwoRkn-=s800-c-k-c0x00ffffff-no-rj,A,2026-09-07T14:24:50Z,evidence/raw_api/channels_20260907T142421_72e45ea66563fae1.json
UCD_hOUSXUXViTvIkbLasfdQ,اخبار البنوك,@اخبارالبنوك,https://www.youtube.com/@اخبارالبنوك,"قناه مخصصة لكل أخبار البنوك وشهادات الاستثمار وطرق الاستثمار الأمنه وكل ما يخص الاستثمار في البنوك والاقتصاد بصفة عامة 
Ahmed fathy
احمد فتحي 

ده رابط الواتساب لكل المنتسبين إلى القناة فقط

‏سريع وبسيط وآمن، دردشة ومكالمات واتساب مجانًا: https://whatsapp.com/dl/

‏سريع وبسيط وآمن، دردشة ومكالمات واتساب مجانًا: https://whatsapp.com/dl/",EG,,2019-09-02T03:42:34Z,141000,0,52962644,4300,UUD_hOUSXUXViTvIkbLasfdQ,"[""https://en.wikipedia.org/wiki/Knowledge""]",https://yt3.ggpht.com/2q34I-lAbbH0j3SQb7bxya_s6cmjgN21av3F60S1d36N9CVC7QFtehSDGPgxZ_g-ZfirJZAeggI=s800-c-k-c0x00ffffff-no-rj,B,2026-09-07T14:24:53Z,evidence/raw_api/channels_20260907T142421_72e45ea66563fae1.json
UCqvaXJ1K3HheTPNjH-KpwXQ,Principles by Ray Dalio,@principlesbyraydalio,https://www.youtube.com/@principlesbyraydalio,"Ray Dalio founded and built the world’s largest hedge fund, Bridgewater Associates. He’s also the author of the #1 NYTimes Bestseller, Principles: Life and Work, Principles for Dealing with the Changing World Order, and How Countries Go Broke. He is known to have a very practical understanding of economics that is very different from conventional economic thinking that he spells out in his video series ""How the Economic Machine Works",,,2006-04-02T00:37:15Z,3180000,0,1209215043,645,UUqvaXJ1K3HheTPNjH-KpwXQ,"[""https://en.wikipedia.org/wiki/Knowledge"", ""https://en.wikipedia.org/wiki/Society""]",https://yt3.ggpht.com/ytc/AIdro_lxaAsZ4k5Kqc5qVrsvghvEWOpjmE0lnRY9arYSYVy4vMo=s800-c-k-c0x00ffffff-no-rj,D,2026-09-07T14:25:01Z,evidence/raw_api/channels_20260907T142421_72e45ea66563fae1.json
UCEAAzv2OBqxsSczKJ2QZyGQ,Pushkar Raj Thakur: Stock Market Educator 📈,@pushkarrajthakurofficial,https://www.youtube.com/@pushkarrajthakurofficial,"Pushkar Raj Thakur is India's Leading Stock Market Educator, Finance Influencer & Business Coach. 

He is a Guinness World Record Holder for the Largest Financial Investment Lesson and Largest Social Media Marketing Lesson. 

With Millions of  Followers on all major Social Media Platforms, he is known for his versatile knowledge of Financial Education, the Stock Market, Personal Mastery, Sales, Marketing, Human Psychology and Business Development.

- NISM Certified Research Analyst

- NISM Certified Mutual Fund Distributor

- IRDA Certified",IN,,2011-12-23T06:10:08Z,15300000,0,1815277264,2795,UUEAAzv2OBqxsSczKJ2QZyGQ,"[""https://en.wikipedia.org/wiki/Knowledge"", ""https://en.wikipedia.org/wiki/Society""]",https://yt3.ggpht.com/mjU_SIImLu8ACXityIkq4frVwtmVKEEyiWLUSO1OoxaIP7RekmrEPNSfxwXZsE6F2xoOTfSIMqg=s800-c-k-c0x00ffffff-no-rj,C,2026-09-07T14:25:04Z,evidence/raw_api/channels_20260907T142421_72e45ea66563fae1.json
UCLe_q9axMaeTbjN0hy1Z9xA,Caleb Hammer,@calebhammer,https://www.youtube.com/@calebhammer,"Having the conversations that I wish someone had with me over a decade ago.

Top 10 viewed/listened to podcast online- #1 in Finance. #1 membership on YouTube. 

Download Dollarwise.
",US,,2020-05-20T15:46:09.004801Z,3710000,0,4363220813,4786,UULe_q9axMaeTbjN0hy1Z9xA,"[""https://en.wikipedia.org/wiki/Knowledge"", ""https://en.wikipedia.org/wiki/Entertainment"", ""https://en.wikipedia.org/wiki/Film""]",https://yt3.ggpht.com/gW5N5sL574VGFhCfRXh5Hkmr2B3f6iQZPiIDue7xMZLtBbyCv4oGZzhO6TUeof_V2lssYT06=s800-c-k-c0x00ffffff-no-rj,D,2026-09-07T14:25:11Z,evidence/raw_api/channels_20260907T142421_72e45ea66563fae1.json
UCrTFPf6rq5OUSWb7ILW9trg,Chris Sain,@chrissain1,https://www.youtube.com/@chrissain1,"Welcome to the official Channel of Chris Sain Jr. the Peoples Champ & Best Teacher in the Game.

Here you’ll find the full spectrum of Chris Sain.’s signature investments, stock picks, and analysis across sports, culture, and the stock market. The channel features highlights and segments from Chris' Market Overview, Pull Up Season web series, $100K Challenge and Flowers.

You’ll also find powerful conversations and commentary from the Deeper than Sports series tackling the issues around money and wealth.

This channel is the exclusive home for Chris Sain's YouTube Shorts, digital exclusives, and original content you won’t find anywhere else.

If you want bold investment takes, intentional insight on personal finance business, and the unmistakable style of Chris Sain — you’re in the right place.

Subscribe and stay locked in.
",US,,2013-10-24T01:16:25Z,1110000,0,113341062,2581,UUrTFPf6rq5OUSWb7ILW9trg,"[""https://en.wikipedia.org/wiki/Knowledge"", ""https://en.wikipedia.org/wiki/Society""]",https://yt3.ggpht.com/GBTooyF5nLkgxIH6IRu2qzj9bRfk-rQB55KU461cPlKBnaw36ARPp26fVyyNpgZBG_y1DtiYkg=s800-c-k-c0x00ffffff-no-rj,C,2026-09-07T14:25:17Z,evidence/raw_api/channels_20260907T142421_72e45ea66563fae1.json
UC0ep2A36j7gTFdqW2Yvngbg,Tori Trades,@toritrades,https://www.youtube.com/@toritrades,"I'm Victoria Duke, a 33-year-old full-time futures trader with over 10 years of experience. I share my journey as a trader, influencer, educator, and entrepreneur to provide realistic insights into trading.",US,,2009-09-16T02:24:54Z,691000,0,107481810,1347,UU0ep2A36j7gTFdqW2Yvngbg,"[""https://en.wikipedia.org/wiki/Lifestyle_(sociology)"", ""https://en.wikipedia.org/wiki/Knowledge""]",https://yt3.ggpht.com/JEacW1Blz0DPC2TxrBQNRFDMZP7GBgG6tSzFImS-IpPsbzR4pTFJ6FbiBks-Vv3MwXC1Uu97wGs=s800-c-k-c0x00ffffff-no-rj,C,2026-09-07T14:25:22Z,evidence/raw_api/channels_20260907T142421_72e45ea66563fae1.json
UCEIWHQnlNkt5oa1AOTdr8eA,مركاز الأسهم Merkaz Stocks,@almerkaz,https://www.youtube.com/@almerkaz,"رخصة موثوق رقم: 552726

مركاز الأسهم قناة مهتمة بسوق الأسهم السعودي بشكل خاص, ومتابعة كل ما له علاقة بالاقتصاد السعودي والاستثمار.

تم تأسيس مركاز الأسهم بمنصات التواصل الاجتماعي في أواخر عام 2020م.
* أبو محمود (العمدة): المحلل والمتحدث الرسمي للقناة، اكتسب خبرته بالتداول في سوق الأسهم السعودية منذ عام 2008م 
* أبو يحيى (المؤسس):  اكتسب خبرته بالعمل في مجال البنوك منذ عام 1996م بعدة ادارات منها ادارة الاستثمار.
الأوقات: 
بث مباشر صباحي من 9 ص حتى اغلاق السوق، من الأحد الى الخميس.
بث مباشر مسائي من 9 م حتى 1 ص، من السبت الى الأربعاء.
الهدف:
 يهدف مركاز الأسهم رفع مستوى الادراك للمتداولين عن طريق تقديم دروس ومحاضرات مجانية لأغلب مدارس التحليل الفني على الهواء مباشرة بشكل يومي.
الإرث:
تمتلك مركاز الأسهم مكتبة غنية بالأحداث والمحاضرات والدروس المسجلة ويمكن سرعة وسهولة الوصول لها بأي وقت وأي مكان عن طريق عدة منصات للتواصل الاجتماعي.
المنصات المعتمدة:
يوتيوب, جاكو, إكس, زوم.

                                                                           ((جيناكم من الماضي لنرسم ملامح المستقبل))
",SA,,2010-11-26T13:38:40Z,120000,0,19205617,6216,UUEIWHQnlNkt5oa1AOTdr8eA,"[""https://en.wikipedia.org/wiki/Knowledge""]",https://yt3.ggpht.com/Jq3j1eq2p7f3UtWobCCmXzyzJQETUrmSd-QUPN_MOG9_K7iwoF8IqajbIsmVj22CBUII4sxS=s800-c-k-c0x00ffffff-no-rj,B,2026-09-07T14:25:28Z,evidence/raw_api/channels_20260907T142421_72e45ea66563fae1.json
UCtnJmiK9f4pLWhh61ySbdvQ,ِAhmed Abdrabo - أحمد عبدربه,@aabdrabo,https://www.youtube.com/@aabdrabo,"أحمد عبدربه – باحث سياسي واقتصادي مصري، متخصص في تحليل الأزمات الاقتصادية وشؤون المواطن المصري.

في هذه القناة ستجد:
• تحليلات يومية لسعر الدولار والجنيه المصري
• متابعة لحظية لأسعار الذهب في مصر
• شرح أسباب غلاء الأسعار والتضخم
• تغطية أزمة الكهرباء والوقود والسلع الأساسية
• تحليل السياسات الاقتصادية للحكومة المصرية
• متابعة أخبار البنوك وشهادات الادخار والفائدة
• تقارير عن أسعار العقارات والإيجارات في مصر
• نقاشات سياسية واقتصادية بكلام مختلف وصريح

للتواصل والاستشارات: www.facebook.com/ahmed3bdrabo2015
للمزيد من المقالات الاقتصادية: https://elfolos.com

#اقتصاد_مصر #سعر_الدولار #سعر_الذهب #الاقتصاد_المصري #أحمد_عبدربه
",EG,,2020-04-11T17:44:46.755925Z,53000,0,8229705,866,UUtnJmiK9f4pLWhh61ySbdvQ,"[""https://en.wikipedia.org/wiki/Society"", ""https://en.wikipedia.org/wiki/Politics""]",https://yt3.ggpht.com/i1gsQ9TSuvWrqJlE3WSkDV5Fhh1ZrYx8mOcoJuHFNAxlBK1dLZsnC0O7X7mDN4Ey5nv8EgyQQQ=s800-c-k-c0x00ffffff-no-rj,A,2026-09-07T14:25:37Z,evidence/raw_api/channels_20260907T142421_72e45ea66563fae1.json
UCiQpvtOQk1Iz95h9xbIgHsw,Mekawi's Finance,@imekawii,https://www.youtube.com/@imekawii,هنا هنتكلم عن كل حاجة تخص الفلوس و الشغل ,AE,,2022-08-31T14:26:10.709656Z,319000,0,46592574,672,UUiQpvtOQk1Iz95h9xbIgHsw,"[""https://en.wikipedia.org/wiki/Knowledge""]",https://yt3.ggpht.com/L6zfoz-ybGekTHq6otfdpGht7dDC96Xrd8cVRzuNsqgMIydiutZ_UKHdk2QOLVaLw9alxHxL=s800-c-k-c0x00ffffff-no-rj,B,2026-09-07T14:25:42Z,evidence/raw_api/channels_20260907T142421_72e45ea66563fae1.json
UCgPEfLdSfqeteBIQjMgJFtA,Ahmed Fahim . أحمد فهيم,@ahmedfahim2709,https://www.youtube.com/@ahmedfahim2709,هذة القناة مخصصة لتعليم اسواق المال العالمي والذهب والمتاجرة عليهم .. مع نظرة شاملة لجميع الموضوعات الاقتصادية المؤثرة في سوق المال.. وكيف يجب على المتداول ان يتعامل مع الاسواق بكل حرص واهتمام .. مع مرعاه كاملة لمحتوى خاص بادارة راس المال ,EG,,2013-06-16T00:13:13Z,22100,0,2000022,608,UUgPEfLdSfqeteBIQjMgJFtA,"[""https://en.wikipedia.org/wiki/Knowledge""]",https://yt3.ggpht.com/S12PD2WGU4u_WwhIF2iCvGwY7qP4U-8ZOPnEHmf0iLzqxfqr4KcZsEqTUZ9F0cY_14i37dQR=s800-c-k-c0x00ffffff-no-rj,A,2026-09-07T14:25:47Z,evidence/raw_api/channels_20260907T142421_72e45ea66563fae1.json
UCwTu6kD2igaLMpxswtcdxlg,Gareth Soloway,@garethsolowayprotrader,https://www.youtube.com/@garethsolowayprotrader,"This is the official channel of Gareth Soloway, Chief Market Strategist at VerifiedInvesting.com. With 27+ years trading the financial markets, Gareth guides investors through every market cycle using institutional-grade macro and technical analysis. Featured on Bloomberg, Yahoo! Finance, and Kitco.

Verified Investing's published, audited swing-trade success rate stands at 80% since 2007 (95% on crypto swings; 94% on day trades).

Gareth's mission is to level the playing field. He teaches retail investors the institutional approach to building wealth across stocks, crypto, and commodities. Join him at VerifiedInvesting.com for exclusive daily videos and real-time swing trade alerts (exact entries/exits) — every trade is verified and transparent.
",US,en,2021-06-09T21:40:59.859286Z,294000,0,49265327,1838,UUwTu6kD2igaLMpxswtcdxlg,"[""https://en.wikipedia.org/wiki/Knowledge"", ""https://en.wikipedia.org/wiki/Society""]",https://yt3.ggpht.com/TYwZfZ2DSSgY-jCys6S6cj6krFDmIZz4zJTx4bTkHrzFwtFPiyuexc1qq7KvZ2DP7k1dRhKQjg=s800-c-k-c0x00ffffff-no-rj,C,2026-09-07T14:25:53Z,evidence/raw_api/channels_20260907T142421_72e45ea66563fae1.json
UCw5TLrz3qADabwezTEcOmgQ,Groww,@groww,https://www.youtube.com/@groww,"Welcome to Groww’s official YouTube channel!✨ 

Discover stock market content that is tailored just for you! 💰

From in-depth analysis to regular updates, our videos will guide you through market volatility, empowering you to make informed investment decisions. And just to be super clear, we're here to educate and enable, not advise.  

So, what are you waiting for? Subscribe now and stay informed! 

It’s time to get, set, Groww! 🚀

Follow us on Telegram: http://t.me/GrowwHQ

Research Analyst disclaimer: https://groww.in/p/sebi-research-analyst-regulations
",IN,en,2017-06-23T09:38:45Z,2470000,0,248471365,3285,UUw5TLrz3qADabwezTEcOmgQ,"[""https://en.wikipedia.org/wiki/Lifestyle_(sociology)"", ""https://en.wikipedia.org/wiki/Knowledge"", ""https://en.wikipedia.org/wiki/Society"", ""https://en.wikipedia.org/wiki/Business""]",https://yt3.ggpht.com/a0Z9HXdT0YrB5UzYQNCgE7Ot4ySBops_Viy4eZyGpxU11puBA8pQjy5PptMIBnWKyaI9nU4x=s800-c-k-c0x00ffffff-no-rj,C,2026-09-07T14:25:59Z,evidence/raw_api/channels_20260907T142421_72e45ea66563fae1.json
UCkCGANrihzExmu9QiqZpPlQ,How Money Works,@howmoneyworks,https://www.youtube.com/@howmoneyworks,Subscribe to learn How Money Works.,US,,2018-12-20T04:22:54Z,1740000,0,292286828,323,UUkCGANrihzExmu9QiqZpPlQ,"[""https://en.wikipedia.org/wiki/Knowledge"", ""https://en.wikipedia.org/wiki/Society""]",https://yt3.ggpht.com/X6trv3DaiGU2CKXmkW-0ihkb0NWX5RZhheiW7PR5BD4MiemI-EqatiM0qBfAcGFW2tgkzmsGjv8=s800-c-k-c0x00ffffff-no-rj,D,2026-09-07T14:26:05Z,evidence/raw_api/channels_20260907T142421_72e45ea66563fae1.json
UCCbv0qixG-cyokxEY3kELtg,TradingLab,@tradinglabofficial,https://www.youtube.com/@tradinglabofficial,"Dedicating my time to giving you the best value possible. My one and only goal is to make you a better trader. Simple as that.

Enjoy!
",US,,2021-07-26T15:42:48.843042Z,2030000,0,176601490,236,UUCbv0qixG-cyokxEY3kELtg,"[""https://en.wikipedia.org/wiki/Knowledge""]",https://yt3.ggpht.com/nyCjsflj-T4zcNM1EHoCTQDfZI4yjJ9vYiw-n0vQaB81G6ORahfz3AjIACBGoM03UmEBvfsWpw=s800-c-k-c0x00ffffff-no-rj,C,2026-09-07T14:26:07Z,evidence/raw_api/channels_20260907T142421_72e45ea66563fae1.json
UCFaJ8JgHaiXBmSzZEGvW5XA,إسماعيل الشكري,@shukriim,https://www.youtube.com/@shukriim,"قناة متخصصة في أبسط استراتيجيات التحليل الفني للأسهم . مكتشف نمط الفيصل الذي يجمع أغلب النماذج الفنية الكلاسيكية في نمط واحد .
لا تنسونا من دعائكم إذا استفدتوا من القناة .
محبكم في الله المهندس إسماعيل الشكري

رابط تويتر :

https://twitter.com/shukriim?t=gD8UkYdOu-e6th9f8pJdmw&s=09",SA,,2007-02-05T06:25:47Z,151000,0,14266243,1065,UUFaJ8JgHaiXBmSzZEGvW5XA,"[""https://en.wikipedia.org/wiki/Knowledge""]",https://yt3.ggpht.com/7s9pfdRE_EupMahHVoA71jfLCUt5x9bfDrWk4bRY4Wecd8W0YHFU4dsjSYpn0rcOQ39Fkz62=s800-c-k-c0x00ffffff-no-rj,B,2026-09-07T14:26:09Z,evidence/raw_api/channels_20260907T142421_72e45ea66563fae1.json
UCqiW-g-FwZ6HJ0fsNHC-Iew,مـــؤشــرات  الاقتصـــاد 🧽  💲,@mostafaosama0,https://www.youtube.com/@mostafaosama0," الغرض من قناة 
مـــؤشــرات  الاقتصـــاد هو شرح جميع الأخبار المالية المحلية و العربية و العالمية بطريقة مبسطة و سهلة.
 و متابعة الأحداث الطارئة و العاجلة.
 و التعريف بالمؤسسات المالية و طبيعتها و الخدمات المقدمة مثل البنوك و البورصة و نشر الثقافة البنكية طبقا للشمول المالي و شرح المنتجات البنكبة بطريقة مبسطة لمعرفة الأنسب لك عند التعامل مع البنوك   
The purpose of the Knowledge banks channel is to explain all local, Arab and international financial news in a simple and easy way.
 And follow-up of emergency and urgent events.
 Introducing financial institutions, their nature, and the services provided such as banks and the stock exchange, spreading the banking culture according to financial inclusion, and explaining banking products in a simplified way to know what is best for you when dealing with banks.
",EG,,2021-11-06T07:13:32.607698Z,61000,0,9204949,2024,UUqiW-g-FwZ6HJ0fsNHC-Iew,"[""https://en.wikipedia.org/wiki/Knowledge""]",https://yt3.ggpht.com/fLjceguDy0MAdTQAts8uwGlsP7E3aHPDd-pH88iQS9ywr_k0nrJEGwvntz46aSZFI-dRUgrkVw=s800-c-k-c0x00ffffff-no-rj,A,2026-09-07T14:26:12Z,evidence/raw_api/channels_20260907T142421_72e45ea66563fae1.json
UCsR-oBB7cabU76oTguE17Qw,EA Trading,@eatrading,https://www.youtube.com/@eatrading,"شركة مؤسسة عام 2018 
كل ما يخص العملات الرقمية و اسواق المال
صفقات - اخبار - تعليم 

Instagram
instagram.com/ehab.dia

Telegram
https://t.me/eatrading1

Twitter
https://twitter.com/EATrading0



",AE,,2018-05-22T07:24:47Z,524000,0,23564380,335,UUsR-oBB7cabU76oTguE17Qw,"[""https://en.wikipedia.org/wiki/Knowledge""]",https://yt3.ggpht.com/ytc/AIdro_njl5NaXV20uzPqjEvrLUsPyNLruuJJbj8gCrpzz_Aj9vI=s800-c-k-c0x00ffffff-no-rj,B,2026-09-07T14:26:19Z,evidence/raw_api/channels_20260907T142421_72e45ea66563fae1.json
UCBxm9WodPjj70GaiKTIRPGg,Mohamed Shamseddine ,@mohamedshamseddine,https://www.youtube.com/@mohamedshamseddine,"            كل ما أقوله أو أذكره في أي من مقاطع الفيديو يمثل رأيًا شخصيًا ولا يجب عليك اعتباره نصيحة مالية لأنني لست مخولًا بتقديم نصائح مالية على أي مستوى

Everything i say or mention in any of videos represents a personal opinion and you should not take it as a financial advise because i am not authorized to give financial advises at any level. 

أهلا بكم في قناتي. الهدف الرئيسي هو تثقيف الجميع حول النظام المالي الجديد والعملات الرقمية. شكرا لانضمامكم لي في هذه الرحلة. أسأل الله أن يوفقني في هذه 
المهمة

للاستفسارات التجارية، يرجى التواصل مع أيمن عبر بياناته التالية:
aymankafietudiantkafi@gmail.com
Telegram: @aymanKafi""

Twitter: @Mhdshamseddine
 
",CA,,2022-01-06T14:57:16.64857Z,35100,0,7244629,2000,UUBxm9WodPjj70GaiKTIRPGg,"[""https://en.wikipedia.org/wiki/Knowledge""]",https://yt3.ggpht.com/BMf1Z77xhjhoUiMH35fy8dL6t9BPiVebedG4BVK2i0AItunDhrDgcR2OU5ScLJONX1jsA-1rXQ=s800-c-k-c0x00ffffff-no-rj,B,2026-09-07T14:26:21Z,evidence/raw_api/channels_20260907T142421_72e45ea66563fae1.json
UCRK5xmIi8kuLUduTE3Ti7lw,Share Market Analysis,@sharemarketanalysis,https://www.youtube.com/@sharemarketanalysis,"Share Market Analysis : Full Stock Market Information , Share Information And Some Intresting Facts of Share Market 🥰👍 

Disclaimer :- I am not SEBI Register ! 
So , before making any trade first do own research or ask your financial advisor ! 

For Business : Shareinfo058@gmail.com

Join Us And Be In Market .. ( STOCK MARKET ) 💯✌️

Thank You So Much !",IN,,2021-02-18T17:31:52.374725Z,331000,0,127083720,16253,UURK5xmIi8kuLUduTE3Ti7lw,"[""https://en.wikipedia.org/wiki/Knowledge"", ""https://en.wikipedia.org/wiki/Society""]",https://yt3.ggpht.com/2Y1oryNXftwdbC1QGILiKaByG1ideL0Bt_mDGvMG_iWe0Sj_sTeQEsSC27xenOAC1CDJ23d2=s800-c-k-c0x00ffffff-no-rj,C,2026-09-07T14:26:28Z,evidence/raw_api/channels_20260907T142421_72e45ea66563fae1.json
UCOHxDwCcOzBaLkeTazanwcw,Bravos Research,@bravosresearch,https://www.youtube.com/@bravosresearch,"Welcome to Bravos Research! We’re here to help you profit from global markets with trade ideas, data-driven market analysis and education.

Our mission is to always strive to understand markets and achieve superior returns.

Our investment strategy combines macro and technical analysis. We look at economic data and signals from stocks, currencies, and credit markets. Technical analysis helps us time the market, ensuring we make each decision with the highest probability of success.

But profitable trading isn’t just about great research. We believe having the right mindset is just as important to being a successful trader. Many of the well-known Wall Street strategists fail to be profitable because they let emotions take control and can’t manage risk.
That’s why we help our clients manage their psychology, risk management, and develop discipline.

Our goal is to give you both the edge and the mindset to consistently profit from markets.

Visit https://www.bravosresearch.com
",AE,,2017-08-19T08:49:11Z,641000,0,86453596,921,UUOHxDwCcOzBaLkeTazanwcw,"[""https://en.wikipedia.org/wiki/Society"", ""https://en.wikipedia.org/wiki/Knowledge""]",https://yt3.ggpht.com/aBxd1ptna5GGUQn18tizJzDLKin_GrjlS_uGuHuxrYeMoPOiM3Qxl2PzT1WnSTB7w0BG3MMyTA=s800-c-k-c0x00ffffff-no-rj,C,2026-09-07T14:26:39Z,evidence/raw_api/channels_20260907T142421_72e45ea66563fae1.json
UCIP3QFzSshFMYBSLtHAZvQA,وليد مغربي,@walidmograbi,https://www.youtube.com/@walidmograbi,"مرحبا!

اسمي وليد مغربي، تخصصي مهندس برمجيات واعمل ببورصة لندن منذ سنة 2017.

t.me/arabpersonalfinance

بآخر 6 سنين، طورت الكثير من منصات الوساطة واشتغلت مع اكبر المصارف والعملاء ببورصة لندن. اليوم اقوم بادارة فريق عمل كامل يطور ادوات تخدم اسواق الاسهم، الفوركس والعملات الرقمية.

مع تقدمي بالبورصة، بعالم الاقتصاد، الاستثمار والاموال قررت فتح هذه القناة التعليمية بهدف خدمة الوطن العربي، مشاركتكم بمعلوماتي وتطوير قدراتكم الاقتصادية وكسر القيود المالية / اجتماعية.

بهذه القناة سوف اقوم بتقديم محتوى تعليمي، تعليق اقتصادي ومشاركتكم باستثماراتي وانجازاتي.

الموقع الرسمي: https://www.walidmograbi.com/

اتمنى لكم التوفيق،
وليد مغربي

ملاحظة: كل محتوى قناتي يقدم بالمجان ولن اطلب منك ابدا مبلغ من المال على اليوتيوب! الرجاء الحذر من النصابين. هدف القناة هو تعليمي فقط وليس بمثابة نصيحة او استشارة مادية.
",RO,,2020-04-25T10:11:32.003386Z,153000,0,12512043,899,UUIP3QFzSshFMYBSLtHAZvQA,"[""https://en.wikipedia.org/wiki/Knowledge""]",https://yt3.ggpht.com/TCtHvEiI28RG5sJV_loHqO8hhHToe8iwR8aYtSIQYGqqe0cVsPTL_OTMLmtCywBkRcg4NoLV=s800-c-k-c0x00ffffff-no-rj,B,2026-09-07T14:26:42Z,evidence/raw_api/channels_20260907T142421_72e45ea66563fae1.json
UCcsVDxIsL0pd6YOksxhEoHA,moneytalks_info,@moneytalks_info3664,https://www.youtube.com/@moneytalks_info3664,قناة تعليمية متخصصة في المحاسبة، المالية، الاقتصاد وعالم الأعمال,,,2022-03-22T21:50:38.622298Z,28300,0,1481620,46,UUcsVDxIsL0pd6YOksxhEoHA,"[""https://en.wikipedia.org/wiki/Business"", ""https://en.wikipedia.org/wiki/Knowledge""]",https://yt3.ggpht.com/XA3jlVC-uRrUzl_K7-W0vtLK2mnIUYN2XUDl3UKG8Y92xyjL6Zoi8owoQelp7FPtW-OplcYykQ=s800-c-k-c0x00ffffff-no-rj,A,2026-09-07T14:26:47Z,evidence/raw_api/channels_20260907T142421_72e45ea66563fae1.json
UC_4JcFVfzl5f5runRldZgtw,الأستاذ قنشوبة,@guenchouba,https://www.youtube.com/@guenchouba,"هذه القناة موجّهة خصيصًا لتلاميذ البكالوريا في مادة التاريخ والجغرافيا، حيث أقدّم شرحًا مبسّطًا، دقيقًا، ومطابقًا للمنهاج الرسمي الجزائري.
🔹 ماذا ستجد في القناة؟
شرح دروس التاريخ:
✔️ الثورة الجزائرية
✔️ الحرب الباردة
✔️ العلاقات الدولية
شرح دروس الجغرافيا:
✔️ التقدم والتخلف
✔️ المبادلات الدولية
✔️ الثالوث الاقتصادي
ملخصات مركزة للفروض والاختبارات
منهجية الإجابة في البكالوريا
خرائط، رسوم، وتعريفات جاهزة للحفظ
نصائح وتوجيهات للنجاح في البكالوريا
🎯 هدفي هو مساعدة كل تلميذ على الفهم السريع، الحفظ الذكي، والحصول على أعلى علامة بإذن الله.
📌 لا تنسَ الاشتراك في القناة وتفعيل الجرس ليصلك كل جديد.
بالتوفيق والنجاح للجميع 🤍 
#قنشوبة #باك #bac
",DZ,,2020-05-20T22:12:28.911988Z,1100000,0,59219423,662,UU_4JcFVfzl5f5runRldZgtw,"[""https://en.wikipedia.org/wiki/Knowledge""]",https://yt3.ggpht.com/oOdw7jP69RtSwjv_Rtj7JpKc_4uzoNJi1IkIVCzEJuHTgJyDFAUtQ4H9wB2U70nKx_I3jPdhuQM=s800-c-k-c0x00ffffff-no-rj,A,2026-09-07T14:26:49Z,evidence/raw_api/channels_20260907T142421_72e45ea66563fae1.json
UCO3qWot3L3egKYit9x9uWGw,البورصة للمبتدئين,@borsa-for-beginners,https://www.youtube.com/@borsa-for-beginners,هدف القناه انك تعتمد على نفسك في الاستثمار في البورصة و ايه الحاجات اللي المفروض تعملها و ايه اللي المفروض تتجنبها,EG,,2024-05-15T17:33:26.783952Z,28800,0,1979604,654,UUO3qWot3L3egKYit9x9uWGw,"[""https://en.wikipedia.org/wiki/Knowledge""]",https://yt3.ggpht.com/bC2y-S-KjqUTXfH0L981rZ_xjOuksehy_Fxc2xTJmP8PmhcU24TWTebFX4RcdUb4hYwjBznWnA=s800-c-k-c0x00ffffff-no-rj,A,2026-09-07T14:26:53Z,evidence/raw_api/channels_20260907T142421_72e45ea66563fae1.json
UCpH_qlKdyyjBk4mLAZTEKAA,اقتصاد موازي,@actsadmowzee,https://www.youtube.com/@actsadmowzee,"ااقتصاد موازى | أشرف الشيخ
اقتصاد موازى مع أشرف الشيخ نقرأ المشهد الاقتصادي ونربط بين الأحداث لنفهم ماذا يحدث، لماذا يحدث، وإلى أين يمكن أن يتجه.
نناقش الاقتصاد العالمي، والأسواق والمال والاستثمار، ونحلل أهم الملفات التي تؤثر على حياتك ومدخراتك، مثل التضخم، أسعار الفائدة، الفيدرالي الأمريكي، الدولار، الذهب، الفضة، البورصة، الأسهم، السندات، الديون، البنوك المركزية، النفط والطاقة والتجارة العالمية.
كما نتابع العلاقة بين الاقتصاد والسياسة والجغرافيا السياسية، وتأثير الحروب والأزمات والصراعات والتحولات الدولية على الأسواق والاقتصاد، مع محاولة قراءة الصورة الأكبر 
في اقتصاد موازى لن نخبرك فقط بما حدث، بل نحاول أن نجيب عن السؤال الأهم:
ما الذي يقف وراء الحدث؟ وما الذي يمكن أن يعنيه ذلك للاقتصاد والأسواق وأموالك؟
إذا كنت تهتم بـكل هذا  ، فأنت في المكان الصحيح.
اقتصاد موازى | نفهم ما وراء الخبر… ونقرأ ما وراء الأرقام.
اشترك في القناة وفعل التنبيهات لتتابع التحليلات والملفات الاقتصادية الجديدة مع أشرف الشيخ.

📩 للتواصل الإعلاني والتعاون الرسمي:  
e79226086@gmail.com

",EG,ar,2021-12-26T21:19:05.396066Z,115000,0,27506097,1734,UUpH_qlKdyyjBk4mLAZTEKAA,"[""https://en.wikipedia.org/wiki/Knowledge""]",https://yt3.ggpht.com/f_a7ajZSJkIpqpieQNirWVNMTqFDkSF8G2k3LywDvXZaiDCFfjJ7xlpRM7Z_Fe-qp2z3e3Ei9HU=s800-c-k-c0x00ffffff-no-rj,B,2026-09-07T14:26:58Z,evidence/raw_api/channels_20260907T142421_72e45ea66563fae1.json
UCFOry4O_FlI2HU5epQnDWPQ,الاستاذ ربيع الفتياني ثقافة مالية ورياضيات الأعمال,@rabee_alfetyani,https://www.youtube.com/@rabee_alfetyani,"الاستاذ ربيع الفتياني | معلم مادة الثقافة المالية ورياضيات الأعمال التوجيهي على منصة ألفا التعليمية ❤️


للاستفسار والتواصل واتساب أو مكالمات من خلال الأرقام التالية :
0786109859


",JO,,2021-10-19T16:17:54.377696Z,145000,0,8838629,207,UUFOry4O_FlI2HU5epQnDWPQ,"[""https://en.wikipedia.org/wiki/Knowledge""]",https://yt3.ggpht.com/KJvymiT9jKq-93sjt0gBmgpecVCsJ2CrVPs5S_QoenFNeptoon32T6v8qJ883H76t8ugnumjvw=s800-c-k-c0x00ffffff-no-rj,A,2026-09-07T14:27:05Z,evidence/raw_api/channels_20260907T142421_72e45ea66563fae1.json
UCP9RPj_BG0vit2TNM7LuRxA,Crayon Capital,@crayon_capital,https://www.youtube.com/@crayon_capital,"Big finance, drawn small.",,,2025-03-31T08:12:45.920605Z,253000,0,18477547,29,UUP9RPj_BG0vit2TNM7LuRxA,"[""https://en.wikipedia.org/wiki/Society"", ""https://en.wikipedia.org/wiki/Knowledge""]",https://yt3.ggpht.com/yxqlk8f-Co0O-PUQxn93uxxiKg-DvDMMSPz_sUx6ggolpnqY_dS-c128ge3xhOrDOoBqvxUUx8o=s800-c-k-c0x00ffffff-no-rj,D,2026-09-07T14:27:07Z,evidence/raw_api/channels_20260907T142421_72e45ea66563fae1.json
UC7AoMESkPXV_Bqr0I8dbzrw,اقتصاد ببساطة -ابراهيم الشربينى -aiqtisad bibasata,@ibrahimalsherbiny76,https://www.youtube.com/@ibrahimalsherbiny76,"قناة اقتصاد ببساطة (المدير المالى) - إبراهيم الشربينى Financial Manager -💢

قناة تعليمية متخصصة تهدف إلى تبسيط المفاهيم المالية والمحاسبية، وتقديم محتوى احترافي يفيد الطلاب والمهتمين بمجال الاقتصاد والإدارة المالية.

📊 محتوى القناة يشمل:
تحليل يومي ودوري لسوق الذهب وتحديد الاتجاهات السعرية والعوامل المؤثرة عليه.
تحليلات للأسواق المالية المحلية والعالمية.
شروحات مبسطة في المحاسبة، التكاليف، الضرائب، والإدارة المالية.
دروس عملية في التحليل المالي والرقابة المالية.
تفسير التطورات الاقتصادية وربطها بالقرارات المالية والاستثمارية.

🎯 هدفنا إنك تبقى فاهم كل ما يدور في عالم المال وتقدر تتخذ قراراتك بثقة.
اشترك دلوقتي وخلي الاقتصاد… ببساطة!

للتواصل على الميل
ibrahimalsherbinyacc@gmail.com
حسابى على الفيس     
https://www.facebook.com/home.php?sk=group_170711209650721&ap=1
حسابى الجديد على تيك توك
https://www.tiktok.com/@ibrahim.alsherbiny.1976?_t=8rO80Y6yqCG&_r=1

",,,2023-07-16T22:25:22.208825Z,49000,0,6698745,560,UU7AoMESkPXV_Bqr0I8dbzrw,"[""https://en.wikipedia.org/wiki/Knowledge""]",https://yt3.ggpht.com/JocA5SR14gK3BBzK9imV6UyXRBhoBo9iXGanbILr2WAF54qntLSCZGMpFtg_WeO_bagDdkAFL1g=s800-c-k-c0x00ffffff-no-rj,A,2026-09-07T14:27:07Z,evidence/raw_api/channels_20260907T142421_72e45ea66563fae1.json
UC-08FfiuOa8Swp8NQX_lrRw,مستثمر العملة الرقمية بيتكوين,@مستثمرالعملةالرقميةبيتكوين,https://www.youtube.com/@مستثمرالعملةالرقميةبيتكوين,"📢 كل الروابط التي تحتاجها لإنشاء أهم الحسابات للدخول لعالم التداول وسحب الأرباح 👇

📈 منصات التداول الموثوقة:

🔹 BingX – تداول بسهولة مع ميزة نسخ المتداولين المحترفين:
👉 https://bingx.com/en/invite/C3OJM4

🔹 Binance – سجل واحصل على خصم على العمولات:
👉 http://bit.ly/3IvgMGg

🔹 Gate.io – تداول العملات الرقمية بأمان واحترافية:
👉 http://bit.ly/3IyfiLp

🔹 BingX – تداول بسهولة مع ميزة نسخ المتداولين المحترفين:
👉 https://bit.ly/45INzB9

🏦 سحب الأرباح وإنشاء بنك رقمي:

🔸 RedotPay – أنشئ حسابًا مجانًا لسحب أرباحك من المنصات:
👉 https://bit.ly/3HEGzLv

📲 تابعني على المنصات الاجتماعية:

🐦 تويتر (X):
👉 https://twitter.com/MBytkwyn

💬 قناة التليجرام (مجتمع المستثمرين العرب في البيتكوين):
👉 https://t.me/BITCOINARABINVESTORS",GB,,2018-09-15T12:38:35Z,101000,0,19381419,4435,UU-08FfiuOa8Swp8NQX_lrRw,"[""https://en.wikipedia.org/wiki/Knowledge""]",https://yt3.ggpht.com/yII0a1OIhWHZtD3hwR83nsIVjXQrzkLHxMH8wgByhkZ7Noo4iZBr-7KRGy6zVgFs2_L_LkFE7g=s800-c-k-c0x00ffffff-no-rj,B,2026-09-07T14:27:12Z,evidence/raw_api/channels_20260907T142421_72e45ea66563fae1.json
UCxH2HgyINJnROn6TgrTzJkw,How Money Works Uncut,@howmoneyworksuncut,https://www.youtube.com/@howmoneyworksuncut,,US,,2024-08-30T17:07:51.941691Z,117000,0,13088176,50,UUxH2HgyINJnROn6TgrTzJkw,"[""https://en.wikipedia.org/wiki/Knowledge"", ""https://en.wikipedia.org/wiki/Society""]",https://yt3.ggpht.com/ZrBPyCtntCvwiDH7Mjgw0nfoP9RUjYC26rMaJkNhB-g4DdCsETvgIVkCnni_WectBLgxEYw85w=s800-c-k-c0x00ffffff-no-rj,D,2026-09-07T14:27:20Z,evidence/raw_api/channels_20260907T142421_72e45ea66563fae1.json
UCDmJ0q0ggEZcOh5-3XUVYqQ,Andy Explains Money,@andyexplainsmoney,https://www.youtube.com/@andyexplainsmoney,"My name is Andy, and I spend way too much time studying money, wealth-building, financial behavior, and the psychology behind why people make bad financial decisions — so you don’t have to.

On Andy Explains Money, I break down complex personal finance topics into simple, engaging animated explainers that are easy to understand and enjoyable to watch. From budgeting, debt payoff, credit scores, and investing to the hidden habits that quietly keep people stuck, this channel is here to help you make smarter money moves.

If you want clear, practical finance content that helps you understand both how money works and how people behave with money, you’re in the right place.

🔔 Subscribe to Andy Explains Money and start making smarter money moves.

‼️Disclaimer‼️
This channel is for educational and entertainment purposes only and is not financial advice. All characters, visuals, and animations are original creative elements used for illustrative purposes.
",US,,2026-04-01T07:52:48.397193Z,20800,0,1474472,109,UUDmJ0q0ggEZcOh5-3XUVYqQ,"[""https://en.wikipedia.org/wiki/Knowledge"", ""https://en.wikipedia.org/wiki/Society"", ""https://en.wikipedia.org/wiki/Lifestyle_(sociology)""]",https://yt3.ggpht.com/mUIT8iuhgzLB0vjwtSnNLkoRWVl4zu8TNH-oVD95dXqserkZ8oY7zRocEiHiAK1-otFVbInefQ=s800-c-k-c0x00ffffff-no-rj,D,2026-09-07T14:27:20Z,evidence/raw_api/channels_20260907T142421_72e45ea66563fae1.json
UCjxK94XQv29_nNirjMoR7bg,الخبير المالي,@mohamedkhairuldin,https://www.youtube.com/@mohamedkhairuldin,"محمد خير الدين محلل فني وخبير مالي علي موقع investing اكبر مواقع الاقتصاد العالمي (عضو الجمعية المصرية للمحللين الفنيين) ومحرر اقتصادي علي موقع المتداول العربي أكثرمن 20 عامًا من الخبرة قام بتدريب العديد من الدورات في التحليل الفني والمالي واسس اتخاذ القرار والاستثمار والمحاسبة وكيفية التداول في سوق المال ومؤشرات البورصة العالمية 
تنبيه هام  ليس لي حساب علي التليجرام  

",EG,sr,2018-02-04T17:54:08Z,162000,0,21588726,1452,UUjxK94XQv29_nNirjMoR7bg,"[""https://en.wikipedia.org/wiki/Politics"", ""https://en.wikipedia.org/wiki/Society"", ""https://en.wikipedia.org/wiki/Knowledge""]",https://yt3.ggpht.com/ex6V0o3fRMtCMKAv8KILOysgLJ4_aNbfSGD_V6pFoGnOFIEpDjjqwZrem6SayAz5Jng7Ogcpsg=s800-c-k-c0x00ffffff-no-rj,B,2026-09-07T14:27:21Z,evidence/raw_api/channels_20260907T142421_72e45ea66563fae1.json
UCASM0cgfkJxQ1ICmRilfHLw,Patrick Boyle,@pboyle,https://www.youtube.com/@pboyle,"Patrick Boyle is a hedge fund manager, a university professor and a former investment banker. 

This channel is all about quantitative finance. By subscribing you will see videos explaining what is happening in markets right now, you will learn about financial derivatives, corporate finance and how traders use quantitative tools like statistics. You will see interviews with some of the most interesting people in the financial industry.  In addition, you will see some longer form documentaries on the history of financial markets.

To contact Patrick go to the website http://onfinance.org

DISCLAIMER:
This channel is not affiliated with any financial institution. The videos on this channel are for entertainment purposes only and do not constitute financial advice. Those seeking investment advice should seek out a registered professional. Patrick is not responsible for investment actions taken by viewers and his content should not be used as a basis for investment.",US,,2019-01-21T11:48:49Z,1330000,0,193838769,479,UUASM0cgfkJxQ1ICmRilfHLw,"[""https://en.wikipedia.org/wiki/Politics"", ""https://en.wikipedia.org/wiki/Society"", ""https://en.wikipedia.org/wiki/Knowledge""]",https://yt3.ggpht.com/cq4tU8wKdp_Y7yZIBxwAsSzecE-3VYDLkRXGo08-FuFwP_fwl7aMDTWY-_OEWGSw5iWDu-S29w=s800-c-k-c0x00ffffff-no-rj,C,2026-09-07T14:27:28Z,evidence/raw_api/channels_20260907T142421_72e45ea66563fae1.json
UC14Fb2zWTEZklONPXFbLrTQ,Primate Economics,@primateeconomics,https://www.youtube.com/@primateeconomics,"Explain money with banana

$1,600  Donated to Ape Conservation so far!

Sponsorship - primateeconomics.sponsors@gmail.com

Fan mail - primateeconomics@gmail.com
",AU,,2022-02-16T03:38:54.437651Z,574000,0,31679520,28,UU14Fb2zWTEZklONPXFbLrTQ,"[""https://en.wikipedia.org/wiki/Knowledge"", ""https://en.wikipedia.org/wiki/Film"", ""https://en.wikipedia.org/wiki/Entertainment"", ""https://en.wikipedia.org/wiki/Society""]",https://yt3.ggpht.com/y0bMUo3h-EC40L79lBISTGzi3XWh-KxH8a6NPuAPPWmDAyg8IX2EKEBlcZ-zHmz3rOgMHtJPMw=s800-c-k-c0x00ffffff-no-rj,D,2026-09-07T14:27:30Z,evidence/raw_api/channels_20260907T142421_72e45ea66563fae1.json
UCrNfRFWnLC3tCy1TnyhVQ7g,Casual Finance,@casuallyfinance,https://www.youtube.com/@casuallyfinance,"i make finance videos |

for business inquiries: contact.casualfinance@gmail.com |

Disclaimer: I am not a financial advisor.  All content provided on this channel is for entertainment purposes only. Investing involves risk and you must do your own research.
",US,,2025-07-16T20:07:32.438617Z,361000,0,18009416,186,UUrNfRFWnLC3tCy1TnyhVQ7g,"[""https://en.wikipedia.org/wiki/Society"", ""https://en.wikipedia.org/wiki/Knowledge""]",https://yt3.ggpht.com/OLlODfUyCriQ2fDAOKs58055mTZpg4mkk6Zz0FUma4Ov2xlxi2vwVACOboUfhsy79pzF80ggcQ=s800-c-k-c0x00ffffff-no-rj,D,2026-09-07T14:27:30Z,evidence/raw_api/channels_20260907T142421_72e45ea66563fae1.json
UCIALMKvObZNtJ6AmdCLP7Lg,Bloomberg Television,@markets,https://www.youtube.com/@markets,"The latest financial news and market analysis, direct from Bloomberg TV.

Visit our other YouTube channels:

Bloomberg Originals: https://www.youtube.com/@business
Bloomberg News: https://www.youtube.com/@Bloomberg-News
Bloomberg Originals: https://www.youtube.com/@business
Bloomberg Quicktake: Explained https://www.youtube.com/@bloombergexplained

For more coverage on news, markets and more: http://www.bloomberg.com",US,,2017-05-03T19:57:47Z,3270000,0,1466998372,97310,UUIALMKvObZNtJ6AmdCLP7Lg,"[""https://en.wikipedia.org/wiki/Politics"", ""https://en.wikipedia.org/wiki/Society"", ""https://en.wikipedia.org/wiki/Knowledge""]",https://yt3.ggpht.com/4-w44catDebzaDSUWgereql0G5_z5o7VpJXuIYL_eZ3H1vXy0lTmrole9V500jTUXCnQPZ5CuKQ=s800-c-k-c0x00ffffff-no-rj,C,2026-09-07T14:27:32Z,evidence/raw_api/channels_20260907T142421_72e45ea66563fae1.json
UCdhl39fG5MNa9NhHE6LDeKA,همّة,@himma01,https://www.youtube.com/@himma01,"مرحبًا بك في قناتك ""وجهتك الأولى لتلخيص أهم الكتب المالية وتطوير الذات""!

في هذه القناة، نأخذك في رحلة معرفية مُلهمة نلخّص لك فيها أبرز الكتب العالمية والعربية في مجالات:

💰 الذكاء المالي وإدارة الأموال

🚀 تطوير الذات وتحقيق الأهداف

📚 بناء عقلية النجاح والثروة

💡 استراتيجيات الربح من الإنترنت

🧠 مهارات التفكير والنجاح الشخصي

إذا كنت تبحث عن ملخصات مركّزة لكتب مثل ""الأب الغني والأب الفقير""، ""أسرار عقل المليونير""، ""العادات السبع للناس الأكثر فعالية""، أو ترغب في اكتشاف كتب جديدة تُغيّر طريقة تفكيرك وتعزز قدراتك المالية... فأنت في المكان الصحيح!

📌 اشترك الآن وابدأ رحلتك نحو النجاح المالي والتطور الذاتي، فيديو واحد في الأسبوع كفيل بتغيير حياتك!
",DZ,,2025-07-12T11:25:42.180361Z,26700,0,3286843,165,UUdhl39fG5MNa9NhHE6LDeKA,"[""https://en.wikipedia.org/wiki/Music"", ""https://en.wikipedia.org/wiki/Religion"", ""https://en.wikipedia.org/wiki/Society""]",https://yt3.ggpht.com/r78nvPZeQLjFMhsOfQY1BkLCP6e4PLqqDjUVGbzwcPZUVYQkUxqxh6zo0PAwfq6XG-uMsufR8A=s800-c-k-c0x00ffffff-no-rj,A,2026-09-07T14:27:38Z,evidence/raw_api/channels_20260907T142421_72e45ea66563fae1.json
UCZmKFfiLAag4Cw612favrSg,  GroWise |  الاستثمار مع مصطفى خليل ,@moustafakhalil-s8u,https://www.youtube.com/@moustafakhalil-s8u,"مرحبًا بك في GroWise – دليلك لإتقان الثقافة المالية والاقتصاد  وفهم الأسواق! 

نحن هنا لنساعدك على فهم المشهد المالي واتخاذ قرارات ذكية لك ولأطفالك. مع **GroWise**، ستكتسب المعرفة والثقة التي تحتاجها للتعامل مع الأسواق الماليةوالبورصة
، تأمين مستقبلك، وبناء إرث من الثروة للأجيال القادمة.  

في **GroWise**، نحن فريق متخصص من خبراء المال والاستثمار، بخبرات متنوعة. يجمعنا هدف مشترك: **تمكين الأفراد من تحقيق الوعي المالي الذي يضمن لهم الاستقلالية المالية واتخاذ قرارات استثمارية مدروسة**.  

نقدم لك موارد وبرامج شاملة تناسب جميع المراحل الاستثمارية، **من المبتدئين إلى المستثمرين المحترفين**، وكل ذلك بلغة بسيطة وسهلة تناسب الجميع. هدفنا أن نجعل **التعليم المالي متاحًا للجميع**، وخاصة للمصريين، حتى يكونوا قادرين على اتخاذ قرارات مالية سليمة تحقق لهم **الأمان والاستقرار المالي**.
",AE,en,2024-12-17T20:02:23.916462Z,20700,0,1147834,417,UUZmKFfiLAag4Cw612favrSg,"[""https://en.wikipedia.org/wiki/Knowledge""]",https://yt3.ggpht.com/jGYSDpXx7tTlqALYUIHyPBg4tiQe524iOpXKwSVAP5ACYHApZVNCmjxf6SymrPEVzyJ45_WHOw=s800-c-k-c0x00ffffff-no-rj,A,2026-09-07T14:27:40Z,evidence/raw_api/channels_20260907T142421_72e45ea66563fae1.json
UCZ4AMrDcNrfy3X6nsU8-rPg,Economics Explained,@economicsexplained,https://www.youtube.com/@economicsexplained,"Economics Explained breaks down global markets, policy, and finance into lessons anyone can understand. Perfect for students, professionals, and anyone curious about how the economy really works.

📫 3,000+ read our free newsletter that has weekly original stories
 Sign up: → https://economics-explained-tv-program.beehiiv.com/





ThoughtLeaders is an authorized agency who works with for Economics Explained. 
",US,,2012-09-09T09:28:37Z,2880000,0,372345967,446,UUZ4AMrDcNrfy3X6nsU8-rPg,"[""https://en.wikipedia.org/wiki/Politics"", ""https://en.wikipedia.org/wiki/Society"", ""https://en.wikipedia.org/wiki/Knowledge""]",https://yt3.ggpht.com/og23LzdOU3Smc7MJWsnH0b0JJ8kouBIiIvwLJTIkxWPV9uAFdPpcp0PYDwgM4QYMb0i7_ut5=s800-c-k-c0x00ffffff-no-rj,F,2026-09-07T17:11:31Z,evidence/raw_api/channels_20260907T171130_e6ab7a698588ec67.json
UCwI-JbGNsojunnHbFAc0M4Q,ARTE,@arte,https://www.youtube.com/@arte,"Bienvenue sur ARTE, la plateforme culturelle européenne. Histoire, sciences, culture pop, reportages d'investigations ou documentaires complets : prenez le temps de comprendre le monde.

Règles de modération : 
Nous attendons avec impatience vos commentaires, suggestions, questions et opinions et souhaitons un échange constructif sur un plan factuel avec un ton amical et respectueux.
Pour garantir cela, nous supprimerons les commentaires et les messages avec le contenu suivant :
• Insultes, discrimination, sexisme, racisme, menaces ou discours de haine de toute nature
• Appels à la violence de toute sorte
• Fausses nouvelles
• Appel aux dons trompeur
• Messages publicitaires et spams
• Publicité électorale et de parti de toutes sortes
• Pornographie et grossièretés
• Violation des droits de tiers
• Liens trompeurs
• Commentaires hors contenu/canal sans contribution perceptible à l'échange/discussion
",FR,,2010-11-18T12:54:57Z,5030000,0,463300597,3712,UUwI-JbGNsojunnHbFAc0M4Q,"[""https://en.wikipedia.org/wiki/Entertainment"", ""https://en.wikipedia.org/wiki/Society"", ""https://en.wikipedia.org/wiki/Film""]",https://yt3.ggpht.com/JvG9t1fNgirmoEWieadI9gz5wm0889z8ULzCF959u1FrDykh8LJUO9BjEGUg1k_xDOZWFNb3uQ=s800-c-k-c0x00ffffff-no-rj,F,2026-09-07T17:11:31Z,evidence/raw_api/channels_20260907T171131_99b18a90d6e0e841.json
UCF09Jbsxb7x6lJ5imkapHNA,Julien Roman | Finance & Investissement,@julienroman,https://www.youtube.com/@julienroman,"Tu sous-estimes ton potentiel financier.
J’ai créé une méthode pour le multiplier.

👉 Commences par réaliser ton test financier (en 3 minutes tu y verras plus clair)
https://quiz.julienroman.com/quiz?source=org-yt


Sur cette chaîne, je te montre comment faire travailler ton argent, construire un vrai capital et prendre des décisions intelligentes pour accélérer ta liberté financière.

Pas de théorie inutile.
Que du concret, des stratégies et des résultats.

Abonne-toi si tu veux passer au niveau supérieur.

👉 Commences par réaliser ton test financier (en 3 minutes tu y verras plus clair)
https://quiz.julienroman.com/quiz?source=org-yt


📩 Contact professionnel :
contact@julienroman.com
",US,fr,2015-09-21T19:02:41Z,470000,0,45699373,1863,UUF09Jbsxb7x6lJ5imkapHNA,"[""https://en.wikipedia.org/wiki/Knowledge""]",https://yt3.ggpht.com/AJHnVgAjlP8dRdJMaGCZ8yxGaeTGusf-xfby2hI7JBOPPVRFk0yV6n1L6XylIy5-hYT2PZuq=s800-c-k-c0x00ffffff-no-rj,F,2026-09-07T17:11:44Z,evidence/raw_api/channels_20260907T171144_90e061191b885a49.json
UC5kh_CumIL_usjg3pW5J9Qw,Crypto Le Trone,@cryptoletrone,https://www.youtube.com/@cryptoletrone,"Découvrez le monde des cryptomonnaies avec notre chaîne dédiée. Que vous soyez débutant ou expert, notre analyse crypto quotidienne vous guide dans le trading, l'investissement, et l'univers du Bitcoin et de l'Ethereum. Plongez avec nous dans le vaste marché des Altcoins pour dénicher les opportunités les plus prometteuses.

Chaque jour, nous vous tenons informés des tendances du marché sur Bitcoin (BTC) & Ethereum (ETH). Notre objectif est de vous offrir des prévisions éclairées pour vos opérations de trading crypto. Abonnez-vous pour rester à la pointe de l'actualité crypto.

Rejoignez notre communauté pour une expertise en crypto inégalée. Abonnez-vous dès maintenant pour une expérience enrichissante dans le monde de la blockchain et des cryptomonnaies

Le contenu de cette chaine youtube s'adresse exclusivement aux francophones mais absolument pas aux français ou aux personnes qui résident en France.
",AE,,2019-10-02T17:45:41Z,174000,0,45443710,4279,UU5kh_CumIL_usjg3pW5J9Qw,"[""https://en.wikipedia.org/wiki/Knowledge""]",https://yt3.ggpht.com/yF1Yw4e6L91DxPtSUFmqrDk0hm0ZZvHFVjSQJFjirbst_1uoUzljTiDfNF1O5zOMoFmq5Odo9fk=s800-c-k-c0x00ffffff-no-rj,F,2026-09-07T17:11:52Z,evidence/raw_api/channels_20260907T171144_90e061191b885a49.json
UCCMkQlTXghwaB0hohPrEACA,Crésus,@cresusinvestissement,https://www.youtube.com/@cresusinvestissement,"ATTENTION : JE N'AI PAS DE TELEGRAM, PAS DE FORMATION, PAS DE COACHING, RIEN À VENDRE.



Mon Twitter c’est celui la, attention aux fakes https://twitter.com/CRESUSINVESTIS 

Le but de la chaîne est d'assainir l'écosystème de la finance sur internet, que ce soit en proposant du bon contenu ou en faisant de la prévention vis-à-vis des contenus trompeurs, des escroqueries, etc.



Je ferai peut-être un courtier un jour.

Contact : Cresusinvestissement@gmail.com 

",FR,,2014-08-02T14:46:56Z,92900,0,8349942,188,UUCMkQlTXghwaB0hohPrEACA,"[""https://en.wikipedia.org/wiki/Business"", ""https://en.wikipedia.org/wiki/Society"", ""https://en.wikipedia.org/wiki/Politics"", ""https://en.wikipedia.org/wiki/Knowledge""]",https://yt3.ggpht.com/L6UrYIRCuZvpm8bDdgf5BcJiQz2mlmSoOhBjan-lfbYcZ5V2mUsqEDrfj6lZ8qVtXAWAQpLk=s800-c-k-c0x00ffffff-no-rj,F,2026-09-07T17:11:59Z,evidence/raw_api/channels_20260907T171144_90e061191b885a49.json
UCRCCAnVyzDTcqNYh0pDcq7Q,Finary,@finary,https://www.youtube.com/@finary,"Prenez en main la gestion de votre argent avec Finary ! Nous sortons 2 vidéos par semaine.

Vous pouvez aussi télécharger l'application Finary pour suivre et optimiser votre patrimoine, gérer votre budget et investir en toute simplicité. Nous sommes disponibles gratuitement sur Web, iOS et Android.

Découvrez Finary : https://finary.com/

Commandez le livre de Mounir : https://www.amazon.fr/-/en/Investir-pour-libre-C3-A9dition-augment-C3-A9e-dp-2412105529/dp/2412105529/ref=dp_ob_image_bk
",FR,,2020-12-06T14:35:22.160887Z,897000,0,124231950,959,UURCCAnVyzDTcqNYh0pDcq7Q,"[""https://en.wikipedia.org/wiki/Society"", ""https://en.wikipedia.org/wiki/Knowledge""]",https://yt3.ggpht.com/1833nLW04fAFOjCzQPtANZyLka02qSRRBftst13zjA7u6XZUZF9S9PVF3xiITy2_1lz3bAvKjg=s800-c-k-c0x00ffffff-no-rj,F,2026-09-07T17:12:00Z,evidence/raw_api/channels_20260907T171144_90e061191b885a49.json
UC7sXGI8p8PvKosLWagkK9wQ,Heu?reka,@heu7reka,https://www.youtube.com/@heu7reka,"Vous ne comprenez rien à la finance et à l'économie ? Vous êtes au bon endroit !

Les épisodes sont écrits comme des dialogues entre deux personnages afin de permettre une meilleure compréhension.
J'utilise beaucoup de schémas, de graphiques et d'animations pour rendre les explications plus intelligibles.

3 types de formats sur la chaîne :
* Les épisodes normaux qui traitent de sujets financiers et économiques (vignette en noir et blanc)
* Les ""Wall Street Stories"" qui racontent des histoires vraies liées au monde de la finance (vignette en noir et blanc + plaque ""Wall Street"" en haut à gauche)
* Les ""Partenariats"" qui sont des vidéos financées par des entreprises sur des sujets imposés (vignette avec ma tête dessus)

Mon activité est principalement financée grâce à vos dons sur Tipeee (voir le lien ""faire un don"" ci-dessous)",FR,,2015-10-18T20:34:16Z,457000,0,25605246,138,UU7sXGI8p8PvKosLWagkK9wQ,"[""https://en.wikipedia.org/wiki/Knowledge"", ""https://en.wikipedia.org/wiki/Society""]",https://yt3.ggpht.com/PGNUlLjC28oWv08kX6wORjKT2yrFatWbl3b8ZbJEa82VZlOkV_oETuszCH5k5VBv_vyHrDsP9g=s800-c-k-c0x00ffffff-no-rj,F,2026-09-07T17:12:05Z,evidence/raw_api/channels_20260907T171144_90e061191b885a49.json
UCngIhBkikUe6e7tZTjpKK7Q,More Crypto Online,@morecryptoonline,https://www.youtube.com/@morecryptoonline,"This channel offers professional Elliott Wave and technical analysis on global markets, focusing cryptocurrencies and cryptocurrency related stocks. It aims to help viewers understand market structure, cycles, and key price levels through clear, educational insights.

Disclaimer 
The content provided on this channel is for informational and educational purposes only. It does not constitute financial advice, an offer or solicitation to buy or sell any financial instruments, or a financial service under applicable laws.
All analyses and opinions expressed are strictly personal views. You are solely responsible for your own investment decisions and act at your own risk. Always consider your individual risk profile and, if necessary, consult with an independent financial advisor.
Some of the links provided in this description may be affiliate links. If you choose to use them, MCO Global may receive a commission – at no additional cost to you. Thank you for supporting the channel.
",GB,,2021-06-11T21:40:27.892259Z,325000,0,82548341,27220,UUngIhBkikUe6e7tZTjpKK7Q,"[""https://en.wikipedia.org/wiki/Knowledge""]",https://yt3.ggpht.com/BRVlZlA-wkVmeD_bgfpCUG6U0sILOmBI7AGmxJ4siulP5Ft_xqpiMkRrknZwbyqFHt3mwglIqg=s800-c-k-c0x00ffffff-no-rj,F,2026-09-07T17:12:06Z,evidence/raw_api/channels_20260907T171144_90e061191b885a49.json
UCCAmVExQtgxzbIJJJoVA5Sw,Singe Explique,@singeexplique,https://www.youtube.com/@singeexplique,"L’inflation t’angoisse ? Les prix te rendent fou ?
Bienvenue dans Singe Explique :
📈 L’économie expliquée avec des bananes.
🐒 Des vidéos courtes, marrantes et pas chiantes.
💸 Pour enfin comprendre le vrai délire derrière ton portefeuille.
➤ Rejoins la jungle. Abonne-toi.
#économie #finance #argent #humour #singe
",FR,,2025-06-25T18:36:24.937988Z,33400,0,3044861,60,UUCAmVExQtgxzbIJJJoVA5Sw,"[""https://en.wikipedia.org/wiki/Film"", ""https://en.wikipedia.org/wiki/Entertainment""]",https://yt3.ggpht.com/hfaOBGauanTn6ISVy24uq-hBgRBUqfynQFpLK6J8L-ah3rwT6uWLX7NPS8EDs5tmCZw4b8d5bQ=s800-c-k-c0x00ffffff-no-rj,F,2026-09-07T17:12:26Z,evidence/raw_api/channels_20260907T171144_90e061191b885a49.json
UChlTcWDE8gd4tsl_L727NrQ,Hasheur,@hasheur,https://www.youtube.com/@hasheur,"Bienvenue sur ma chaîne ! Je me présente, Owen Simonin (alias Hasheur), je vulgarise sur Youtube différentes technologies, techniques et stratégies complexes du monde du Business. 

  Principalement à travers la Blockchain et les Cryptomonnaies (bitcoin), je décortique même les méthodes de paris en ligne, le trading et les autres types d'investissements ou rendements passifs. 

 Mon objectif est de simplifier les sujets et les investissements les plus complexes du milieu afin de permettre à tous de ne rater aucune opportunité.

Facebook : https://www.facebook.com/Hasheur 
Twitter : https://twitter.com/PowerHasheur
SNAP : PowerHasheur
Instagram: Hasheur",FR,,2016-07-31T11:04:27Z,814000,0,57412356,404,UUhlTcWDE8gd4tsl_L727NrQ,"[""https://en.wikipedia.org/wiki/Knowledge""]",https://yt3.ggpht.com/cbu-FEdBIY0FmCmYZON-6mYOqi_23EppDKm8gEjIZmwVgNN_riRVJNEjY-HlJl-mFVQ7XQNUgg=s800-c-k-c0x00ffffff-no-rj,F,2026-09-07T17:12:27Z,evidence/raw_api/channels_20260907T171144_90e061191b885a49.json
UCHj7vxqgE8NSpuwjM19LAsg,L'Économie Expliquée,@economie-expliquee,https://www.youtube.com/@economie-expliquee,"Notre contenu, qui vous aide à mieux comprendre le fonctionnement du monde, couvre les questions les plus importantes et les gros titres à travers le regard d'économistes. L'équipe explore un large éventail de sujets qui vous permettent de mieux comprendre le monde.

Voici L'économie Expliquée la chaîne française officielle de Economics Explained
",FR,,2023-06-08T16:37:05.061241Z,59500,0,5150426,135,UUHj7vxqgE8NSpuwjM19LAsg,"[""https://en.wikipedia.org/wiki/Politics"", ""https://en.wikipedia.org/wiki/Society"", ""https://en.wikipedia.org/wiki/Knowledge""]",https://yt3.ggpht.com/vqcqXVLWs1rc5wPFeO24uv7NTc9AEOPS5oJ1aQyFuGAaeiC35KJMaaUKBxAIgPGGHf58iKvE=s800-c-k-c0x00ffffff-no-rj,F,2026-09-07T17:12:29Z,evidence/raw_api/channels_20260907T171144_90e061191b885a49.json
UCjKvFMbYVKOnBDarCtXfEww,Matthieu Louvet - S'investir,@matthieulouvet,https://www.youtube.com/@matthieulouvet,"La situation est grave : 1 Français sur 2 ne se sent pas prêt à investir.

Pour ne rien arranger : 
→ Les banques vous conseillent des fonds aux frais exorbitants et aux performances décevantes
→ Les réseaux sociaux vous vantent des performances hors norme, mais vous cachent les risques démesurés
→ Les conseillers traditionnels vous proposent du Pinel & des fonds “maison” afin de prendre leur commission.

C’est pour vous aider à y voir plus clair dans ce chaos que j’ai fondé S’investir, suivi par + de 390 000 investisseurs.

Chef d’entreprises, ingénieur en IA reconverti en conseiller financier professionnel, j’ai accompagné +8 100 particuliers à révolutionner leur épargne et leur patrimoine.

Toute mon approche repose sur les faits, les preuves et les données. 
Je vous offre une formation complète sur le sujet 👇
http://sinvestir.fr/go 
",FR,,2020-02-22T18:25:35.859408Z,425000,0,42150079,1125,UUjKvFMbYVKOnBDarCtXfEww,"[""https://en.wikipedia.org/wiki/Society"", ""https://en.wikipedia.org/wiki/Knowledge""]",https://yt3.ggpht.com/F1hFe5VWFyd-4zegI31SBX-ajrIUTA5w1qvyBVCC6j_HpqFNiAfBhyUCwiuMNxHqR1beLxnSh24=s800-c-k-c0x00ffffff-no-rj,F,2026-09-07T17:12:30Z,evidence/raw_api/channels_20260907T171144_90e061191b885a49.json
UCRI6t05DNVlV0XhdI7hx_iw,One Percent Better,@onepercentbetter,https://www.youtube.com/@onepercentbetter,"Animated book summaries of the best self-improvement books. Get the key lessons in 15 minutes or less.

Hi, I'm Brandon!

I started this channel in November 2015 out of a passion for the incredible knowledge and wisdom that books offer!

If you are an author, content manager, educator, entrepreneur, publisher, marketer, YouTube creator, or thought-leader and are interested in collaborating or having an animated video produced to share your ideas, please contact me via email.

Alternatively, fill out this form: https://tally.so/r/KYoyGz

Website: https://brandonnankivell.com/ (Under development)

LinkedIn: https://www.linkedin.com/in/brandon-nankivell/
",AU,en-GB,2015-11-18T13:12:44Z,713000,0,24545092,150,UURI6t05DNVlV0XhdI7hx_iw,"[""https://en.wikipedia.org/wiki/Health"", ""https://en.wikipedia.org/wiki/Knowledge"", ""https://en.wikipedia.org/wiki/Lifestyle_(sociology)""]",https://yt3.ggpht.com/LkpnxzL82oD1TbuL_pSua7YXHIJh2K3xx3J1MVsPbVszGlgpoxYhWDHuwoTQUYa9K_HhnEjGHSk=s800-c-k-c0x00ffffff-no-rj,W,2026-09-08T08:02:14Z,evidence/raw_api/channels_20260908T080214_30c975de0c7e593c.json
UC-RKpEc4eE9PwJaupN91xYQ,Sprouts,@sprouts,https://www.youtube.com/@sprouts,"We create cartoons that explain complicated ideas in simple language. 

Join us as a Youtube member for special perks: https://www.youtube.com/channel/UC-RKpEc4eE9PwJaupN91xYQ/join

",US,,2014-11-04T00:11:52Z,1940000,0,171736775,230,UU-RKpEc4eE9PwJaupN91xYQ,"[""https://en.wikipedia.org/wiki/Lifestyle_(sociology)"", ""https://en.wikipedia.org/wiki/Entertainment"", ""https://en.wikipedia.org/wiki/Knowledge"", ""https://en.wikipedia.org/wiki/Health""]",https://yt3.ggpht.com/ytc/AIdro_mSAFsiX7DamIFNxlGd-Xwuw7IXUcwMQB_NhdLjd24_sw=s800-c-k-c0x00ffffff-no-rj,W,2026-09-08T08:02:16Z,evidence/raw_api/channels_20260908T080214_30c975de0c7e593c.json
UC1KmNKYC1l0stjctkGswl6g,After Skool,@afterskool,https://www.youtube.com/@afterskool,"All art is hand-drawn on an actual whiteboard with dry-erase markers. Each animation takes about 2 weeks to make. This is not Ai!

If you have a good idea for an animation please send them to Mark at AfterSkool100@gmail.com

",,,2016-07-24T22:36:35Z,3780000,0,284855349,251,UU1KmNKYC1l0stjctkGswl6g,"[""https://en.wikipedia.org/wiki/Religion"", ""https://en.wikipedia.org/wiki/Knowledge""]",https://yt3.ggpht.com/ytc/AIdro_kLOvoCDsmlUy1HOCk5kQASKch1NDCNqDx3KNR_cV9m3F4=s800-c-k-c0x00ffffff-no-rj,W,2026-09-08T08:02:17Z,evidence/raw_api/channels_20260908T080214_30c975de0c7e593c.json
UCurYxozQbvKn-oNUxNJh45Q,GREAT IDEAS GREAT LIFE,@greatideasgreatlifeindia,https://www.youtube.com/@greatideasgreatlifeindia,"📚 I make Short Documentaries on Self Improvement, Business & Money  

Hi, my name is Hemant Pant. 🌟 After leaving three government jobs, I became a full-time Content Creator and entrepreneur. I was able to do this because I used to read books. Now I would love to share everything with you.

Think of me as your brother in learning 🤝 – always want to improve and eager to help you grow. 

You must be wondering what does  'GIGL' mean? It stands for 'Great Ideas Great Life' 💡. I truly believe that the Great Ideas  WILL LEAD TO Great Life.

👀You can see the 3 videos below and if you like it you can SUBSCRIBE.  

Jai Hind 🇮🇳.

🎥 Recommended Videos:

Self Improvement:- https://www.youtube.com/watch?v=DvZlbes9ZQU
	
Business:- https://www.youtube.com/watch?v=YW5NRfj8N7Y

Money:- https://www.youtube.com/watch?v=hoMNMIbhywY

",IN,,2012-07-08T18:10:21Z,7160000,0,701449255,726,UUurYxozQbvKn-oNUxNJh45Q,"[""https://en.wikipedia.org/wiki/Knowledge""]",https://yt3.ggpht.com/YD-WqTtef4Xb1RCZnkMHBxcvd258bLvLN8TIAXzkWy7wkz9GdscsEBq4ksXg3op-mblWNyS1IA=s800-c-k-c0x00ffffff-no-rj,W,2026-09-08T08:02:19Z,evidence/raw_api/channels_20260908T080214_30c975de0c7e593c.json
UCfhbydY40P2Lli9HuBz8cdA,SeeKen,@seeken,https://www.youtube.com/@seeken,India's No. 1 Book Summary Channel. Don't have time to read or learn from mentors? but want to improve your life in terms of wealth and relationships? then do subscribe will do the hard work and present the best lessons from books and mentors to you here which will help you achieve your dream life. ,IN,,2015-12-29T17:44:47Z,4570000,0,399824944,830,UUfhbydY40P2Lli9HuBz8cdA,[],https://yt3.ggpht.com/ytc/AIdro_k3-YG_gFDPrcKP27S3C-XX9WkETUI2f4_hS04-IOZbwl8=s800-c-k-c0x00ffffff-no-rj,W,2026-09-08T08:02:23Z,evidence/raw_api/channels_20260908T080214_30c975de0c7e593c.json
UCtYzVCmNxrshH4_bPO_-Y-A,The Art of Improvement,@theartofimprovement,https://www.youtube.com/@theartofimprovement,"Premium self-improvement content on psychology, productivity, and mindset. The Art of Improvement helps you build discipline, sharpen your thinking, and grow into the person you want to become. 
 
Join the newsletter: https://artofimprovement.co.uk/newsletter/",GB,,2017-12-29T19:17:07Z,1100000,0,66867285,372,UUtYzVCmNxrshH4_bPO_-Y-A,"[""https://en.wikipedia.org/wiki/Knowledge""]",https://yt3.ggpht.com/ytc/AIdro_nYAwHYtVBFY-dzVDS62B_df0bwjrOyJs1cRLnyxdfj6w=s800-c-k-c0x00ffffff-no-rj,W,2026-09-08T08:02:27Z,evidence/raw_api/channels_20260908T080214_30c975de0c7e593c.json
UCayjG0TS9IvWgWOiJSjukTw,Rishi Draws,@rishidraws,https://www.youtube.com/@rishidraws,Satisfying Art Process Videos.,US,,2020-04-19T02:08:32.593734Z,1100000,0,284887080,190,UUayjG0TS9IvWgWOiJSjukTw,"[""https://en.wikipedia.org/wiki/Hobby"", ""https://en.wikipedia.org/wiki/Lifestyle_(sociology)"", ""https://en.wikipedia.org/wiki/Entertainment""]",https://yt3.ggpht.com/ytc/AIdro_mlsEYn6SbAvMgTFDWHhOlv1qtfJ0m8md93HLIS5BCy0Q=s800-c-k-c0x00ffffff-no-rj,W,2026-09-08T08:02:29Z,evidence/raw_api/channels_20260908T080214_30c975de0c7e593c.json
UCeLe9gr7c9CsAtFusECY18g,ToonStarterz Doodles,@toonstarterzdoodles,https://www.youtube.com/@toonstarterzdoodles,"I draw things. Coherency not guaranteed.
business: toonstarterz.business@gmail.com

Support me on Patreon: https://www.patreon.com/ToonStarterz
Follow me on Twitter: https://twitter.com/ToonStarterz
Follow me on Tumblr: https://toonstarterz.tumblr.com
Follow me on Instagram: https://www.instagram.com/toonstarterz
",US,,2010-09-06T23:18:31Z,79200,0,10064760,96,UUeLe9gr7c9CsAtFusECY18g,"[""https://en.wikipedia.org/wiki/Entertainment"", ""https://en.wikipedia.org/wiki/Film""]",https://yt3.ggpht.com/s5iw6ufhm_8lqn7AeLCX_te9IuJt2T-DndHU3PadUwnISUsL_vuG3Q3EVlWfIpdZenrkKJUQqg=s800-c-k-c0x00ffffff-no-rj,W,2026-09-08T08:02:31Z,evidence/raw_api/channels_20260908T080214_30c975de0c7e593c.json
UCC552Sd-3nyi_tk2BudLUzA,AsapSCIENCE,@asapscience,https://www.youtube.com/@asapscience,"Making science make sense.

Created by:

Mitchell Moffit (@mitchellmoffit)
Gregory Brown (@whalewatchmeplz)

CONTACT
asapscience[at]gmail[dot]com

Send us stuff!
ASAPSCIENCE INC.
P.O. Box 93, Toronto P
Toronto, ON, M5S2S6",,,2012-05-28T17:33:43Z,10800000,0,2074038244,559,UUC552Sd-3nyi_tk2BudLUzA,"[""https://en.wikipedia.org/wiki/Lifestyle_(sociology)"", ""https://en.wikipedia.org/wiki/Health"", ""https://en.wikipedia.org/wiki/Entertainment"", ""https://en.wikipedia.org/wiki/Knowledge""]",https://yt3.ggpht.com/ytc/AIdro_kNsIkKkqyNZp2IEAcBxbULIIHDDBi49kvEk2mRmOHwjF0=s800-c-k-c0x00ffffff-no-rj,W,2026-09-08T08:02:31Z,evidence/raw_api/channels_20260908T080214_30c975de0c7e593c.json
UCly58gB7268VKzsH4zlMMvQ,Siebert Science,@siebertscience,https://www.youtube.com/@siebertscience,"Videos to help you learn Anatomy & Physiology!

Welcome to Siebert Science! My name is Justin Siebert, and I have taught science for over a decade: primarily Anatomy & Physiology, Physics, and AP Chemistry. I started making videos for my students, and currently I'm creating Anatomy & Physiology videos (and other resources) on topics covered from high school through medical school.

🦾 Get my FREE A&P Survival Guide: https://siebertscience.ck.page/anatomysurvivalguide
🧠 Learn how to study and retain more: https://memorylab.siebertscience.com​
💻 My comprehensive A&P system guides, practice tests, study cards, and other resources: https://store.siebertscience.com

There's lots to learn, so let's jump to the whiteboard and get started!
",US,,2014-04-27T20:31:02Z,481000,0,24339237,163,UUly58gB7268VKzsH4zlMMvQ,"[""https://en.wikipedia.org/wiki/Lifestyle_(sociology)"", ""https://en.wikipedia.org/wiki/Knowledge"", ""https://en.wikipedia.org/wiki/Health""]",https://yt3.ggpht.com/ytc/AIdro_leqNkPe9ouYCa7lhJbwLNFtfF0SpmBHPR2eAuMmJCi4w=s800-c-k-c0x00ffffff-no-rj,W,2026-09-08T08:02:34Z,evidence/raw_api/channels_20260908T080214_30c975de0c7e593c.json
UCdL0Zdq18Wrtx5yRLFgiwDA,Wealthboard ,@wealthxboard,https://www.youtube.com/@wealthxboard,"This platform is dedicated to providing high-quality financial education and market awareness in a simple and practical way.
We share well-researched and easy-to-understand content on: Stock Market, Crypto Trading, Forex Trading, Investing, Intraday Trading, Options Trading, Technical Analysis, Price Action, Chart Analysis, Smart Money Concepts, and the growing role of Artificial Intelligence (AI) in trading and investing.
Our goal is to help you understand financial markets, build strong trading skills, and make smarter, data-driven decisions using modern AI tools.

Disclaimer
All the content shared on this channel is strictly for educational and informational purposes only.
This is not financial or investment advice.
Trading and investing in stocks, crypto, and forex involve high risk, and losses can occur. Always do your own research or consult a qualified financial advisor before making any investment decisions.

For business Queries - whiteboard1405@gmail.com",,,2025-08-19T03:38:10.120726Z,106000,0,15153686,339,UUdL0Zdq18Wrtx5yRLFgiwDA,"[""https://en.wikipedia.org/wiki/Knowledge""]",https://yt3.ggpht.com/OP-dJQ0MZj4pn2Cmz8BO-XxOZ0ZiQgIsBuJvNkEMvLg32XS_zRjZgnKOU-4JRij0MsnoE95_=s800-c-k-c0x00ffffff-no-rj,W,2026-09-08T08:02:35Z,evidence/raw_api/channels_20260908T080214_30c975de0c7e593c.json
UCUPrbbdnot-aPgNM65svgOg,Blunt Brothers Productions,@bluntbrothersproductions,https://www.youtube.com/@bluntbrothersproductions,"Making funny, clean, and funny hand-drawn animations... be thankful.

Jesus loves you!

PS: Blunt is my last name, calm down…

Contact us at: BluntBrosPro@gmail.com

Fan Mail:
Blunt Brothers Productions
PO Box 650720
Vero Beach, FL 32965


MERCH SHOP: https://www.bluntbrosproductions.com
TikTok: https://www.tiktok.com/@bluntbrothersproductions
PATREON: https://www.patreon.com/BluntBrothersProductions
INSTAGRAM: https://www.instagram.com/bluntbrothersproductions/
",US,,2014-09-04T01:10:08Z,1580000,0,511690147,355,UUUPrbbdnot-aPgNM65svgOg,"[""https://en.wikipedia.org/wiki/Entertainment"", ""https://en.wikipedia.org/wiki/Film""]",https://yt3.ggpht.com/xS9ck-pqe1l25Bag6WhcsVhavK2sJ_86k-FIr1kYNaeGeUxZA_-koT9zLmMIi8t2KTRET1rzrw=s800-c-k-c0x00ffffff-no-rj,W,2026-09-08T08:02:38Z,evidence/raw_api/channels_20260908T080214_30c975de0c7e593c.json
UCnyrbg0-3GvZyqDSUqVXo2Q,Sticko Explains,@stickoexplains,https://www.youtube.com/@stickoexplains,"Welcome to Sticko Explains — the stickman survival guide for parents running on snacks, sarcasm, and suspicious silence.

I’m Sticko. I turn real parenting chaos into animated explainers — using stick figures, sleep science, and just enough emotional stability to fake it.

🍼 Baby won’t nap?
📱 Toddler licking tech again?
😩 Teen speaking in shrugs and side-eyes?

This isn’t cutesy parenting fluff. It’s raw, funny, slightly-too-honest advice — told through stickman animations that actually get it.

🎥 New videos weekly
☕ Powered by cold coffee & clinical-level burnout
🤣 Watch, relate, maybe even breathe for a second

Subscribe if you’ve ever Googled “how to stay calm while parenting feral children.”
Sticko survives on views, validation, and increasingly low expectations.

Contact: stickoexplains@gmail.com
",US,,2025-05-29T15:14:03.180678Z,130000,0,11103306,125,UUnyrbg0-3GvZyqDSUqVXo2Q,"[""https://en.wikipedia.org/wiki/Knowledge"", ""https://en.wikipedia.org/wiki/Health"", ""https://en.wikipedia.org/wiki/Lifestyle_(sociology)""]",https://yt3.ggpht.com/wYHGH7BnfV0GIx7TqeFQg3kKsso7jHX8L2xoCD1rh6GEI2Q7onhjEyImVKJ6_CQcsWyGXMmzj3c=s800-c-k-c0x00ffffff-no-rj,W,2026-09-08T08:02:41Z,evidence/raw_api/channels_20260908T080214_30c975de0c7e593c.json
UCXLesGEfmyhxqOjoAqhRwhA,FightMediocrity,@fightmediocrity,https://www.youtube.com/@fightmediocrity,"FightMediocrity creates book summaries and works with the best authors and thinkers of our time.

We have created short films featuring some of the best minds including:

Dr. Matthew Walker
Dr. Jonathan Haidt
Dr. Joe Dispenza
Sam Harris
6X Mr. Olympia Dorian Yates
Dr. Jordan Peterson
Johann Hari
Sadhguru
Dr. Bruce Lipton
James Clear
Ryan Holiday
Robert Greene
Robert Kiyosaki
Navy SEAL Jocko Willink
Navy SEAL David Goggins
Jim Kwik
Tim Ferriss
Neil Strauss
Alain De Botton
and many more...",US,,2014-08-01T21:27:35Z,1850000,0,123298273,168,UUXLesGEfmyhxqOjoAqhRwhA,"[""https://en.wikipedia.org/wiki/Knowledge""]",https://yt3.ggpht.com/DNXNpmZct0NPVnsF04Kh0-6bJ0jNYfhq3Hu_RaK_kAZahgcMLiALKEqHYQrG6SAzxqEqiwLM=s800-c-k-c0x00ffffff-no-rj,W,2026-09-08T08:02:43Z,evidence/raw_api/channels_20260908T080214_30c975de0c7e593c.json
UCPNoCO-IKY1PIQZCUqf4OfA,Draw The Life TikTak,@drawthelifetiktak,https://www.youtube.com/@drawthelifetiktak,"Welcome to our channel ❤️

Draw The Life TikTak brings you the best Draw My Life videos! Stories made only with a whiteboard and a marker pen so you can learn in a different, easy and funny way about endless topics! Don't Forget to Like, Comment, Share and Subscribe to our channel! *NEW VIDEO every Tuesday, Thursday, Saturday and Sunday!*",ES,,2018-01-23T23:14:31Z,1450000,0,363703119,1167,UUPNoCO-IKY1PIQZCUqf4OfA,"[""https://en.wikipedia.org/wiki/Lifestyle_(sociology)"", ""https://en.wikipedia.org/wiki/Film"", ""https://en.wikipedia.org/wiki/Entertainment"", ""https://en.wikipedia.org/wiki/Humour""]",https://yt3.ggpht.com/ndKJCf-BUB9iil8hP_V6UATCOY7u38GrfGSvQ6dJ06V405IAqF69aFdY68GSZPHE57qdjaievw=s800-c-k-c0x00ffffff-no-rj,W,2026-09-08T08:02:44Z,evidence/raw_api/channels_20260908T080214_30c975de0c7e593c.json
UCE2GdTW2WVCHZnqHF5otvgQ,HealthSketch,@healthsketch,https://www.youtube.com/@healthsketch,"HealthSketch is a project to convey health information in visually engaging ways, through the use of short and simple whiteboard animations. We hope through our simple yet memorable videos, we can empower us all to lead healthier lives. For more information, please visit:
Website: http://www.health-sketch.com
Email: healthsketchinfo@gmail.com
Created by Dr Wikum Jayatunga (Public Health) and Dr Samantha Chandrasekera (GP)
Featuring animation by Russ Law: https://www.russlaw.co.uk - contact russ@russlaw.co.uk for commercial enquiries. 
",GB,,2015-04-27T13:54:19Z,128000,0,12789160,44,UUE2GdTW2WVCHZnqHF5otvgQ,"[""https://en.wikipedia.org/wiki/Lifestyle_(sociology)"", ""https://en.wikipedia.org/wiki/Health"", ""https://en.wikipedia.org/wiki/Knowledge""]",https://yt3.ggpht.com/ytc/AIdro_lNR6bRmxAipx0fBF3sjtD0giSRwA3XQXyd_zdQUjzERg=s800-c-k-c0x00ffffff-no-rj,W,2026-09-08T08:02:47Z,evidence/raw_api/channels_20260908T080214_30c975de0c7e593c.json
UCBIt1VN5j37PVM8LLSuTTlw,Improvement Pill,@improvementpill,https://www.youtube.com/@improvementpill,"Taken like a multi-vitamin...but for your mind. 
Improvement Pill is dedicated towards conveying important ideas to those who are willing to change. 
Each video is designed to inspire, motivate, or teach you something that can change your life. 

Our Website:
http://www.improvementpill.net

For business enquiries: improvementpill@electrify.video

Check Out My New FREE Course (The Art Of Storytelling): https://skl.sh/ImprovementPill

Tamed Course (FREE Habit Building Course): https://youtu.be/m8JjuyRIxOg 

BeeFriend Course (FREE Social Skills Course): https://www.youtube.com/watch?v=sHfGgOfmbx4&list=PLE_vQWWxgaiHbUFDuNnqxfui3lrE2jjwO&index=1 

Dating Advice For Men: https://www.youtube.com/watch?v=X192

DISCLAIMER: We are not certified health professionals, financial advisors, or therapists.
All of the content presented in videos on this channel are for informational purposes ONLY!


",US,,2015-11-27T14:42:49Z,3770000,0,227869210,356,UUBIt1VN5j37PVM8LLSuTTlw,"[""https://en.wikipedia.org/wiki/Knowledge""]",https://yt3.ggpht.com/K_l2GqyURyY31_GbPpwbBHjpCzyef3_4w0uHZ7S9OH7dmmeJcHxtbKfTZfVX9gB8InOt13Y7PQ=s800-c-k-c0x00ffffff-no-rj,W,2026-09-08T08:02:48Z,evidence/raw_api/channels_20260908T080214_30c975de0c7e593c.json
UCpExuV8qJMfCaSQNL1YG6bQ,Better Than Yesterday,@betterthanyesterday,https://www.youtube.com/@betterthanyesterday,"Welcome to my channel.

I’m someone who has always loved reading great books and exploring new ideas.
This is a place where I share what I’ve learned along the way.
I draw from different fields, such as psychology, philosophy, biology, economy, and many others, but every single topic falls under the personal growth umbrella.
Using simple words and friendly images, I want to make my content easy to remember so that we can all benefit from it long term.
My main goal is to help us become better than yesterday, one step at a time.

- Adam Del Duca

",CA,,2016-09-10T19:54:00Z,2630000,0,108913384,105,UUpExuV8qJMfCaSQNL1YG6bQ,"[""https://en.wikipedia.org/wiki/Health"", ""https://en.wikipedia.org/wiki/Knowledge"", ""https://en.wikipedia.org/wiki/Film"", ""https://en.wikipedia.org/wiki/Lifestyle_(sociology)"", ""https://en.wikipedia.org/wiki/Entertainment""]",https://yt3.ggpht.com/yr0VKTY_9n35A8n4czGjEIfyPFClg1NJ6VbNjwkNxhuvV9CQOh9tZ5w3r3gWNzCf8l3Oxh06=s800-c-k-c0x00ffffff-no-rj,W,2026-09-08T08:02:49Z,evidence/raw_api/channels_20260908T080214_30c975de0c7e593c.json
UCL_v4tC26PvOFytV1_eEVSg,Marko - WhiteBoard Finance,@whiteboardfinance,https://www.youtube.com/@whiteboardfinance,"My mission is to provide my viewers with actionable content that enables them to create financial wealth. My videos are a reflection of my real-world experience as a real estate investor, stock market investor, student of finance, and entrepreneur. 

This channel allows me to share my passion for personal finance, stock market investing, real estate investing, and entrepreneurship. I produce content that I would want to watch, and because of that, I give 100% effort in every video that I make. I also believe in complete transparency and open communication with my audience.

Business inquiries - please email:
sponsorships@whiteboardfinance.com

My FREE 7 Day Money Roadmap:
https://whiteboardfinance.com/roadmap

Join My Private Community:
www.wbfuniversity.com

Follow me on:
Instagram - https://www.instagram.com/whiteboardfinance
",US,,2017-10-29T02:03:14Z,1030000,0,69726050,425,UUL_v4tC26PvOFytV1_eEVSg,"[""https://en.wikipedia.org/wiki/Lifestyle_(sociology)"", ""https://en.wikipedia.org/wiki/Society"", ""https://en.wikipedia.org/wiki/Knowledge""]",https://yt3.ggpht.com/h2F7mSJ7h7OyuL0ptZncQmEOwkNfFHAuVbhA7XhyTf7sukW7e_M9uZTGPlSMR6vNfYrvrF7H6g=s800-c-k-c0x00ffffff-no-rj,W,2026-09-08T08:02:50Z,evidence/raw_api/channels_20260908T080214_30c975de0c7e593c.json
UCUHW94eEFW7hkUMVaZz4eDg,minutephysics,@minutephysics,https://www.youtube.com/@minutephysics,"Simply put: cool physics and other sweet science.

""If you can't explain it simply, you don't understand it well enough.""
~Rutherford via Einstein? (wikiquote)

Created by Henry Reich",,en,2011-06-20T18:20:09Z,5980000,0,593207770,316,UUUHW94eEFW7hkUMVaZz4eDg,"[""https://en.wikipedia.org/wiki/Knowledge""]",https://yt3.ggpht.com/ytc/AIdro_mNlRy8Ablr-4VtAT6eDe7ED-3tfNFZ0FwhEYdtc6B_oQ=s800-c-k-c0x00ffffff-no-rj,W,2026-09-08T08:02:53Z,evidence/raw_api/channels_20260908T080214_30c975de0c7e593c.json
UC5YKivGUTTQmhSuaXbxfZSg,Proactive Thinker,@proactivethinker,https://www.youtube.com/@proactivethinker,Helping you to become financially independent. ,US,,2014-08-07T09:22:57Z,1160000,0,86582421,868,UU5YKivGUTTQmhSuaXbxfZSg,"[""https://en.wikipedia.org/wiki/Knowledge"", ""https://en.wikipedia.org/wiki/Society""]",https://yt3.ggpht.com/ytc/AIdro_mU5tADiyzx_q1fXCfaIDhNMrpngCJmMWy5_evcgzjzCdw=s800-c-k-c0x00ffffff-no-rj,W,2026-09-08T08:02:54Z,evidence/raw_api/channels_20260908T080214_30c975de0c7e593c.json
UCsYYksPHiGqXHPoHI-fm5sg,Whiteboard Crypto,@whiteboardcrypto,https://www.youtube.com/@whiteboardcrypto,"Welcome to whiteboard crypto, the #1 YouTube channel for crypto education and here we explain topics of the cryptocurrency world using analogies, stories, and examples so you can easily understand them.",US,,2021-03-19T21:06:12.052309Z,1020000,0,34165661,152,UUsYYksPHiGqXHPoHI-fm5sg,"[""https://en.wikipedia.org/wiki/Technology"", ""https://en.wikipedia.org/wiki/Knowledge"", ""https://en.wikipedia.org/wiki/Lifestyle_(sociology)""]",https://yt3.ggpht.com/ytc/AIdro_kZD0z9wgIa7SZIl7Yao_0Tm1SCgezA292R7poV5UAu4A=s800-c-k-c0x00ffffff-no-rj,W,2026-09-08T08:02:59Z,evidence/raw_api/channels_20260908T080214_30c975de0c7e593c.json
UCa3MpL0UCLuc08oj5kIATUg,theflippist,@theflippist,https://www.youtube.com/@theflippist,"Hi!
I'm Ben Zurawski and I make custom cartoon flipbooks.  If you would like to order any that you see, or have one hand-drawn just for you, message me or visit:

www.theflippist.com",,,2008-08-19T15:26:16Z,995000,0,466251710,311,UUa3MpL0UCLuc08oj5kIATUg,"[""https://en.wikipedia.org/wiki/Lifestyle_(sociology)"", ""https://en.wikipedia.org/wiki/Hobby""]",https://yt3.ggpht.com/ytc/AIdro_mEao75iqBjXTuJRcVpXtOVZRnAiYyAWvrx0k-4x3m0hNw=s800-c-k-c0x00ffffff-no-rj,W,2026-09-08T08:03:00Z,evidence/raw_api/channels_20260908T080214_30c975de0c7e593c.json
UCybBViio_TH_uiFFDJuz5tg,Einzelgänger,@einzelganger,https://www.youtube.com/@einzelganger,"Video essays exploring philosophy and modern life

***

Email: info(@)einzelganger.co

Einzelgänger is under the supervision of the Dutch Regulatory Media Authority (Commissariaat voor de Media).

*Disclaimer: The material provided by Einzelgänger isn't a clinical/medical service or replacement of mental health professionals, nor an academic resource.
",NL,,2018-11-28T09:04:41Z,2390000,0,252616969,349,UUybBViio_TH_uiFFDJuz5tg,"[""https://en.wikipedia.org/wiki/Society"", ""https://en.wikipedia.org/wiki/Knowledge"", ""https://en.wikipedia.org/wiki/Religion""]",https://yt3.ggpht.com/ytc/AIdro_mNi2q9ustWatgB7eBZAM9e5Ps_7KGy3CiGmMA4N4IkgVs=s800-c-k-c0x00ffffff-no-rj,W,2026-09-08T08:03:01Z,evidence/raw_api/channels_20260908T080214_30c975de0c7e593c.json
