id,title
UCZ4AMrDcNrfy3X6nsU8-rPg,Economics Explained
UCRCCAnVyzDTcqNYh0pDcq7Q,Finary
UCwI-JbGNsojunnHbFAc0M4Q,ARTE
UCjKvFMbYVKOnBDarCtXfEww,Matthieu Louvet - S'investir
UCF09Jbsxb7x6lJ5imkapHNA,Julien Roman | Finance & Investissement
UChlTcWDE8gd4tsl_L727NrQ,Hasheur
UC7sXGI8p8PvKosLWagkK9wQ,Heu?reka
UC5kh_CumIL_usjg3pW5J9Qw,Crypto Le Trone
UCCMkQlTXghwaB0hohPrEACA,Crésus
UCHj7vxqgE8NSpuwjM19LAsg,L'Économie Expliquée
UCCAmVExQtgxzbIJJJoVA5Sw,Singe Explique
UCngIhBkikUe6e7tZTjpKK7Q,More Crypto Online
